run_id,source,universe_id,universe_display_name,requested_tickers,available_tickers,n_assets,construction_date,estimation_months,construction_start,construction_end,backtest_start,backtest_end,mc_horizon,mc_simulations,mc_seed,methods,hca_n_clusters,method,total_return,annualized_return,volatility,sharpe_ratio,max_drawdown,mean_terminal_value,median_terminal_value,std_terminal_value,prob_loss,herfindahl,max_weight
djia_20190601_12m,processed,djia,DJIA Constituents,"['AAPL', 'AMGN', 'AMZN', 'AXP', 'BA', 'CAT', 'CRM', 'CSCO', 'CVX', 'DIS', 'GS', 'HD', 'HON', 'IBM', 'JNJ', 'JPM', 'KO', 'MCD', 'MMM', 'MRK', 'MSFT', 'NKE', 'NVDA', 'PG', 'SHW', 'TRV', 'UNH', 'V', 'VZ', 'WMT']","['AAPL', 'AMGN', 'AMZN', 'CRM', 'CSCO', 'CVX', 'DIS', 'HD', 'HON', 'JPM', 'KO', 'MCD', 'MRK', 'MSFT', 'NKE', 'NVDA', 'PG', 'UNH', 'V', 'VZ', 'WMT']",21,2019-06-01,12,2018-06-01,2019-05-31,2019-06-03,2020-06-01,252,2000,42,"['equal_weight', 'naive_risk_parity', 'markowitz', 'hrp_recursive', 'hca_deprado_ew_nrp']",4,equal_weight,0.22189335717075842,0.22189335717075842,0.21653394700700265,1.0247509004377149,-0.27169344068282963,1.14647207805154,1.14100474785598,0.14561344398051948,0.1615,0.0476190476190476,0.047619047619047616
djia_20190601_12m,processed,djia,DJIA Constituents,"['AAPL', 'AMGN', 'AMZN', 'AXP', 'BA', 'CAT', 'CRM', 'CSCO', 'CVX', 'DIS', 'GS', 'HD', 'HON', 'IBM', 'JNJ', 'JPM', 'KO', 'MCD', 'MMM', 'MRK', 'MSFT', 'NKE', 'NVDA', 'PG', 'SHW', 'TRV', 'UNH', 'V', 'VZ', 'WMT']","['AAPL', 'AMGN', 'AMZN', 'CRM', 'CSCO', 'CVX', 'DIS', 'HD', 'HON', 'JPM', 'KO', 'MCD', 'MRK', 'MSFT', 'NKE', 'NVDA', 'PG', 'UNH', 'V', 'VZ', 'WMT']",21,2019-06-01,12,2018-06-01,2019-05-31,2019-06-03,2020-06-01,252,2000,42,"['equal_weight', 'naive_risk_parity', 'markowitz', 'hrp_recursive', 'hca_deprado_ew_nrp']",4,naive_risk_parity,0.17884221167543468,0.17884221167543468,0.2121409116825544,0.8430349914921288,-0.27162037762437585,1.17121960278672,1.161319099159831,0.13852009104181218,0.095,0.049541038571060944,0.06590958897786109
djia_20190601_12m,processed,djia,DJIA Constituents,"['AAPL', 'AMGN', 'AMZN', 'AXP', 'BA', 'CAT', 'CRM', 'CSCO', 'CVX', 'DIS', 'GS', 'HD', 'HON', 'IBM', 'JNJ', 'JPM', 'KO', 'MCD', 'MMM', 'MRK', 'MSFT', 'NKE', 'NVDA', 'PG', 'SHW', 'TRV', 'UNH', 'V', 'VZ', 'WMT']","['AAPL', 'AMGN', 'AMZN', 'CRM', 'CSCO', 'CVX', 'DIS', 'HD', 'HON', 'JPM', 'KO', 'MCD', 'MRK', 'MSFT', 'NKE', 'NVDA', 'PG', 'UNH', 'V', 'VZ', 'WMT']",21,2019-06-01,12,2018-06-01,2019-05-31,2019-06-03,2020-06-01,252,2000,42,"['equal_weight', 'naive_risk_parity', 'markowitz', 'hrp_recursive', 'hca_deprado_ew_nrp']",4,markowitz,0.0803220972339922,0.0803220972339922,0.18804848225213144,0.42713504662216856,-0.23583208785882426,1.3929419517541086,1.3842561848964636,0.1519081872535516,0.0015,0.25976900827427757,0.3725892813943081
djia_20190601_12m,processed,djia,DJIA Constituents,"['AAPL', 'AMGN', 'AMZN', 'AXP', 'BA', 'CAT', 'CRM', 'CSCO', 'CVX', 'DIS', 'GS', 'HD', 'HON', 'IBM', 'JNJ', 'JPM', 'KO', 'MCD', 'MMM', 'MRK', 'MSFT', 'NKE', 'NVDA', 'PG', 'SHW', 'TRV', 'UNH', 'V', 'VZ', 'WMT']","['AAPL', 'AMGN', 'AMZN', 'CRM', 'CSCO', 'CVX', 'DIS', 'HD', 'HON', 'JPM', 'KO', 'MCD', 'MRK', 'MSFT', 'NKE', 'NVDA', 'PG', 'UNH', 'V', 'VZ', 'WMT']",21,2019-06-01,12,2018-06-01,2019-05-31,2019-06-03,2020-06-01,252,2000,42,"['equal_weight', 'naive_risk_parity', 'markowitz', 'hrp_recursive', 'hca_deprado_ew_nrp']",4,hrp_recursive,0.08337279412041809,0.08337279412041809,0.19065620848711956,0.43729388506144884,-0.2515711671963623,1.230006174435061,1.2240819231396325,0.12300111077549465,0.0205,0.10769211968658206,0.17621183746770908
djia_20190601_12m,processed,djia,DJIA Constituents,"['AAPL', 'AMGN', 'AMZN', 'AXP', 'BA', 'CAT', 'CRM', 'CSCO', 'CVX', 'DIS', 'GS', 'HD', 'HON', 'IBM', 'JNJ', 'JPM', 'KO', 'MCD', 'MMM', 'MRK', 'MSFT', 'NKE', 'NVDA', 'PG', 'SHW', 'TRV', 'UNH', 'V', 'VZ', 'WMT']","['AAPL', 'AMGN', 'AMZN', 'CRM', 'CSCO', 'CVX', 'DIS', 'HD', 'HON', 'JPM', 'KO', 'MCD', 'MRK', 'MSFT', 'NKE', 'NVDA', 'PG', 'UNH', 'V', 'VZ', 'WMT']",21,2019-06-01,12,2018-06-01,2019-05-31,2019-06-03,2020-06-01,252,2000,42,"['equal_weight', 'naive_risk_parity', 'markowitz', 'hrp_recursive', 'hca_deprado_ew_nrp']",4,hca_deprado_ew_nrp,0.11015233846359496,0.11015233846359496,0.20318390022298172,0.5421312335411891,-0.2513433641995221,1.2526711642487993,1.2432438662176422,0.13526278025524796,0.0225,0.10493053156194126,0.18944453578832215
djia_20200601_12m,processed,djia,DJIA Constituents,"['AAPL', 'AMGN', 'AMZN', 'AXP', 'BA', 'CAT', 'CRM', 'CSCO', 'CVX', 'DIS', 'GS', 'HD', 'HON', 'IBM', 'JNJ', 'JPM', 'KO', 'MCD', 'MMM', 'MRK', 'MSFT', 'NKE', 'NVDA', 'PG', 'SHW', 'TRV', 'UNH', 'V', 'VZ', 'WMT']","['AAPL', 'AMGN', 'AMZN', 'CRM', 'CSCO', 'CVX', 'DIS', 'HD', 'HON', 'JPM', 'KO', 'MCD', 'MRK', 'MSFT', 'NKE', 'NVDA', 'PG', 'UNH', 'V', 'VZ', 'WMT']",21,2020-06-01,12,2019-06-03,2020-05-29,2020-06-01,2021-06-01,253,2000,42,"['equal_weight', 'naive_risk_parity', 'markowitz', 'hrp_recursive', 'hca_deprado_ew_nrp']",4,equal_weight,0.3430590968361229,0.3414942574924822,0.14365514649535918,2.3771808099023746,-0.08937622473616325,1.2602976253268061,1.2365409439123436,0.27993582659775595,0.1835,0.0476190476190476,0.047619047619047616
djia_20200601_12m,processed,djia,DJIA Constituents,"['AAPL', 'AMGN', 'AMZN', 'AXP', 'BA', 'CAT', 'CRM', 'CSCO', 'CVX', 'DIS', 'GS', 'HD', 'HON', 'IBM', 'JNJ', 'JPM', 'KO', 'MCD', 'MMM', 'MRK', 'MSFT', 'NKE', 'NVDA', 'PG', 'SHW', 'TRV', 'UNH', 'V', 'VZ', 'WMT']","['AAPL', 'AMGN', 'AMZN', 'CRM', 'CSCO', 'CVX', 'DIS', 'HD', 'HON', 'JPM', 'KO', 'MCD', 'MRK', 'MSFT', 'NKE', 'NVDA', 'PG', 'UNH', 'V', 'VZ', 'WMT']",21,2020-06-01,12,2019-06-03,2020-05-29,2020-06-01,2021-06-01,253,2000,42,"['equal_weight', 'naive_risk_parity', 'markowitz', 'hrp_recursive', 'hca_deprado_ew_nrp']",4,naive_risk_parity,0.305027464471362,0.30365494663182857,0.13656602439078364,2.223502866005091,-0.08864948993259991,1.2439253535185824,1.2150655770057273,0.2562363561553203,0.1525,0.049900420791427307,0.0755557025974581
djia_20200601_12m,processed,djia,DJIA Constituents,"['AAPL', 'AMGN', 'AMZN', 'AXP', 'BA', 'CAT', 'CRM', 'CSCO', 'CVX', 'DIS', 'GS', 'HD', 'HON', 'IBM', 'JNJ', 'JPM', 'KO', 'MCD', 'MMM', 'MRK', 'MSFT', 'NKE', 'NVDA', 'PG', 'SHW', 'TRV', 'UNH', 'V', 'VZ', 'WMT']","['AAPL', 'AMGN', 'AMZN', 'CRM', 'CSCO', 'CVX', 'DIS', 'HD', 'HON', 'JPM', 'KO', 'MCD', 'MRK', 'MSFT', 'NKE', 'NVDA', 'PG', 'UNH', 'V', 'VZ', 'WMT']",21,2020-06-01,12,2019-06-03,2020-05-29,2020-06-01,2021-06-01,253,2000,42,"['equal_weight', 'naive_risk_parity', 'markowitz', 'hrp_recursive', 'hca_deprado_ew_nrp']",4,markowitz,0.5096283758575357,0.5071728223760972,0.21857394471784472,2.3203718221346206,-0.13248478489122661,1.9896165298038482,1.9242166543020764,0.5268999974775368,0.01,0.2995184209504051,0.4398005286113221
djia_20200601_12m,processed,djia,DJIA Constituents,"['AAPL', 'AMGN', 'AMZN', 'AXP', 'BA', 'CAT', 'CRM', 'CSCO', 'CVX', 'DIS', 'GS', 'HD', 'HON', 'IBM', 'JNJ', 'JPM', 'KO', 'MCD', 'MMM', 'MRK', 'MSFT', 'NKE', 'NVDA', 'PG', 'SHW', 'TRV', 'UNH', 'V', 'VZ', 'WMT']","['AAPL', 'AMGN', 'AMZN', 'CRM', 'CSCO', 'CVX', 'DIS', 'HD', 'HON', 'JPM', 'KO', 'MCD', 'MRK', 'MSFT', 'NKE', 'NVDA', 'PG', 'UNH', 'V', 'VZ', 'WMT']",21,2020-06-01,12,2019-06-03,2020-05-29,2020-06-01,2021-06-01,253,2000,42,"['equal_weight', 'naive_risk_parity', 'markowitz', 'hrp_recursive', 'hca_deprado_ew_nrp']",4,hrp_recursive,0.20904187759384985,0.20813506267593684,0.13347500352706845,1.559356112949849,-0.09364170253971604,1.2395245064516804,1.2194243776512053,0.21297652977864936,0.126,0.10670023719918412,0.19593821961970342
djia_20200601_12m,processed,djia,DJIA Constituents,"['AAPL', 'AMGN', 'AMZN', 'AXP', 'BA', 'CAT', 'CRM', 'CSCO', 'CVX', 'DIS', 'GS', 'HD', 'HON', 'IBM', 'JNJ', 'JPM', 'KO', 'MCD', 'MMM', 'MRK', 'MSFT', 'NKE', 'NVDA', 'PG', 'SHW', 'TRV', 'UNH', 'V', 'VZ', 'WMT']","['AAPL', 'AMGN', 'AMZN', 'CRM', 'CSCO', 'CVX', 'DIS', 'HD', 'HON', 'JPM', 'KO', 'MCD', 'MRK', 'MSFT', 'NKE', 'NVDA', 'PG', 'UNH', 'V', 'VZ', 'WMT']",21,2020-06-01,12,2019-06-03,2020-05-29,2020-06-01,2021-06-01,253,2000,42,"['equal_weight', 'naive_risk_parity', 'markowitz', 'hrp_recursive', 'hca_deprado_ew_nrp']",4,hca_deprado_ew_nrp,0.23296841044617955,0.23194822435899765,0.13362290029205035,1.735841864321493,-0.0885250959001137,1.2716316388899491,1.2521988625147973,0.21925510571788542,0.0955,0.13353942390117515,0.23989377837567288
djia_20200601_24m,processed,djia,DJIA Constituents,"['AAPL', 'AMGN', 'AMZN', 'AXP', 'BA', 'CAT', 'CRM', 'CSCO', 'CVX', 'DIS', 'GS', 'HD', 'HON', 'IBM', 'JNJ', 'JPM', 'KO', 'MCD', 'MMM', 'MRK', 'MSFT', 'NKE', 'NVDA', 'PG', 'SHW', 'TRV', 'UNH', 'V', 'VZ', 'WMT']","['AAPL', 'AMGN', 'AMZN', 'CRM', 'CSCO', 'CVX', 'DIS', 'HD', 'HON', 'JPM', 'KO', 'MCD', 'MRK', 'MSFT', 'NKE', 'NVDA', 'PG', 'UNH', 'V', 'VZ', 'WMT']",21,2020-06-01,24,2018-06-01,2020-05-29,2020-06-01,2021-06-01,253,2000,42,"['equal_weight', 'naive_risk_parity', 'markowitz', 'hrp_recursive', 'hca_deprado_ew_nrp']",4,equal_weight,0.3430590968361229,0.3414942574924822,0.14365514649535918,2.3771808099023746,-0.08937622473616325,1.2030967195423636,1.187012952971954,0.21781586576331954,0.185,0.0476190476190476,0.047619047619047616
djia_20200601_24m,processed,djia,DJIA Constituents,"['AAPL', 'AMGN', 'AMZN', 'AXP', 'BA', 'CAT', 'CRM', 'CSCO', 'CVX', 'DIS', 'GS', 'HD', 'HON', 'IBM', 'JNJ', 'JPM', 'KO', 'MCD', 'MMM', 'MRK', 'MSFT', 'NKE', 'NVDA', 'PG', 'SHW', 'TRV', 'UNH', 'V', 'VZ', 'WMT']","['AAPL', 'AMGN', 'AMZN', 'CRM', 'CSCO', 'CVX', 'DIS', 'HD', 'HON', 'JPM', 'KO', 'MCD', 'MRK', 'MSFT', 'NKE', 'NVDA', 'PG', 'UNH', 'V', 'VZ', 'WMT']",21,2020-06-01,24,2018-06-01,2020-05-29,2020-06-01,2021-06-01,253,2000,42,"['equal_weight', 'naive_risk_parity', 'markowitz', 'hrp_recursive', 'hca_deprado_ew_nrp']",4,naive_risk_parity,0.3080067984013748,0.3066193701465243,0.1377732082448383,2.2255369824997295,-0.08786267936514858,1.2029468524544586,1.1819915390423212,0.20399900619308364,0.143,0.04931798113576284,0.06725287340718794
djia_20200601_24m,processed,djia,DJIA Constituents,"['AAPL', 'AMGN', 'AMZN', 'AXP', 'BA', 'CAT', 'CRM', 'CSCO', 'CVX', 'DIS', 'GS', 'HD', 'HON', 'IBM', 'JNJ', 'JPM', 'KO', 'MCD', 'MMM', 'MRK', 'MSFT', 'NKE', 'NVDA', 'PG', 'SHW', 'TRV', 'UNH', 'V', 'VZ', 'WMT']","['AAPL', 'AMGN', 'AMZN', 'CRM', 'CSCO', 'CVX', 'DIS', 'HD', 'HON', 'JPM', 'KO', 'MCD', 'MRK', 'MSFT', 'NKE', 'NVDA', 'PG', 'UNH', 'V', 'VZ', 'WMT']",21,2020-06-01,24,2018-06-01,2020-05-29,2020-06-01,2021-06-01,253,2000,42,"['equal_weight', 'naive_risk_parity', 'markowitz', 'hrp_recursive', 'hca_deprado_ew_nrp']",4,markowitz,0.24263611335330304,0.24156959863639482,0.13923985838630776,1.734917008937074,-0.08030517116825775,1.3259329299409146,1.3152448525101534,0.20882935468630365,0.043,0.2917209382532549,0.37829972157301195
djia_20200601_24m,processed,djia,DJIA Constituents,"['AAPL', 'AMGN', 'AMZN', 'AXP', 'BA', 'CAT', 'CRM', 'CSCO', 'CVX', 'DIS', 'GS', 'HD', 'HON', 'IBM', 'JNJ', 'JPM', 'KO', 'MCD', 'MMM', 'MRK', 'MSFT', 'NKE', 'NVDA', 'PG', 'SHW', 'TRV', 'UNH', 'V', 'VZ', 'WMT']","['AAPL', 'AMGN', 'AMZN', 'CRM', 'CSCO', 'CVX', 'DIS', 'HD', 'HON', 'JPM', 'KO', 'MCD', 'MRK', 'MSFT', 'NKE', 'NVDA', 'PG', 'UNH', 'V', 'VZ', 'WMT']",21,2020-06-01,24,2018-06-01,2020-05-29,2020-06-01,2021-06-01,253,2000,42,"['equal_weight', 'naive_risk_parity', 'markowitz', 'hrp_recursive', 'hca_deprado_ew_nrp']",4,hrp_recursive,0.17031697800367507,0.16958968956160803,0.12458063224803644,1.3612845472156527,-0.08838226432412855,1.2083674653829917,1.199760857955446,0.17393905895958314,0.112,0.1011442373932132,0.159800257429381
djia_20200601_24m,processed,djia,DJIA Constituents,"['AAPL', 'AMGN', 'AMZN', 'AXP', 'BA', 'CAT', 'CRM', 'CSCO', 'CVX', 'DIS', 'GS', 'HD', 'HON', 'IBM', 'JNJ', 'JPM', 'KO', 'MCD', 'MMM', 'MRK', 'MSFT', 'NKE', 'NVDA', 'PG', 'SHW', 'TRV', 'UNH', 'V', 'VZ', 'WMT']","['AAPL', 'AMGN', 'AMZN', 'CRM', 'CSCO', 'CVX', 'DIS', 'HD', 'HON', 'JPM', 'KO', 'MCD', 'MRK', 'MSFT', 'NKE', 'NVDA', 'PG', 'UNH', 'V', 'VZ', 'WMT']",21,2020-06-01,24,2018-06-01,2020-05-29,2020-06-01,2021-06-01,253,2000,42,"['equal_weight', 'naive_risk_parity', 'markowitz', 'hrp_recursive', 'hca_deprado_ew_nrp']",4,hca_deprado_ew_nrp,0.1743540119553333,0.17360824061214553,0.12153720398283381,1.4284370128892083,-0.08444725783756835,1.2234842585185506,1.2129924813159356,0.17846376118085824,0.094,0.12723787172196657,0.2182920516104464
djia_20220103_12m,processed,djia,DJIA Constituents,"['AAPL', 'AMGN', 'AMZN', 'AXP', 'BA', 'CAT', 'CRM', 'CSCO', 'CVX', 'DIS', 'GS', 'HD', 'HON', 'IBM', 'JNJ', 'JPM', 'KO', 'MCD', 'MMM', 'MRK', 'MSFT', 'NKE', 'NVDA', 'PG', 'SHW', 'TRV', 'UNH', 'V', 'VZ', 'WMT']","['AAPL', 'AMGN', 'AMZN', 'CRM', 'CSCO', 'CVX', 'DIS', 'HD', 'HON', 'JPM', 'KO', 'MCD', 'MRK', 'MSFT', 'NKE', 'NVDA', 'PG', 'UNH', 'V', 'VZ', 'WMT']",21,2022-01-03,12,2021-01-04,2021-12-31,2022-01-03,2023-01-03,252,2000,42,"['equal_weight', 'naive_risk_parity', 'markowitz', 'hrp_recursive', 'hca_deprado_ew_nrp']",4,equal_weight,-0.11557792852162385,-0.11557792852162385,0.180092585469847,-0.641769499949653,-0.21627903363506495,1.24683365062215,1.241806900814331,0.11736179893996404,0.01,0.0476190476190476,0.047619047619047616
djia_20220103_12m,processed,djia,DJIA Constituents,"['AAPL', 'AMGN', 'AMZN', 'AXP', 'BA', 'CAT', 'CRM', 'CSCO', 'CVX', 'DIS', 'GS', 'HD', 'HON', 'IBM', 'JNJ', 'JPM', 'KO', 'MCD', 'MMM', 'MRK', 'MSFT', 'NKE', 'NVDA', 'PG', 'SHW', 'TRV', 'UNH', 'V', 'VZ', 'WMT']","['AAPL', 'AMGN', 'AMZN', 'CRM', 'CSCO', 'CVX', 'DIS', 'HD', 'HON', 'JPM', 'KO', 'MCD', 'MRK', 'MSFT', 'NKE', 'NVDA', 'PG', 'UNH', 'V', 'VZ', 'WMT']",21,2022-01-03,12,2021-01-04,2021-12-31,2022-01-03,2023-01-03,252,2000,42,"['equal_weight', 'naive_risk_parity', 'markowitz', 'hrp_recursive', 'hca_deprado_ew_nrp']",4,naive_risk_parity,-0.09117747526769937,-0.09117747526769937,0.16412810676715225,-0.5555262719081528,-0.19474761359136472,1.2223975225915569,1.2178537825555233,0.10582275620606657,0.0115,0.05111292076675134,0.06987205164608788
djia_20220103_12m,processed,djia,DJIA Constituents,"['AAPL', 'AMGN', 'AMZN', 'AXP', 'BA', 'CAT', 'CRM', 'CSCO', 'CVX', 'DIS', 'GS', 'HD', 'HON', 'IBM', 'JNJ', 'JPM', 'KO', 'MCD', 'MMM', 'MRK', 'MSFT', 'NKE', 'NVDA', 'PG', 'SHW', 'TRV', 'UNH', 'V', 'VZ', 'WMT']","['AAPL', 'AMGN', 'AMZN', 'CRM', 'CSCO', 'CVX', 'DIS', 'HD', 'HON', 'JPM', 'KO', 'MCD', 'MRK', 'MSFT', 'NKE', 'NVDA', 'PG', 'UNH', 'V', 'VZ', 'WMT']",21,2022-01-03,12,2021-01-04,2021-12-31,2022-01-03,2023-01-03,252,2000,42,"['equal_weight', 'naive_risk_parity', 'markowitz', 'hrp_recursive', 'hca_deprado_ew_nrp']",4,markowitz,-0.09444138980113903,-0.09444138980113903,0.18485548296147633,-0.5108930949092838,-0.2019310760576799,1.5315124997338216,1.5233012379890183,0.1566906593497543,0.0,0.14558906388491857,0.21104225391846781
djia_20220103_12m,processed,djia,DJIA Constituents,"['AAPL', 'AMGN', 'AMZN', 'AXP', 'BA', 'CAT', 'CRM', 'CSCO', 'CVX', 'DIS', 'GS', 'HD', 'HON', 'IBM', 'JNJ', 'JPM', 'KO', 'MCD', 'MMM', 'MRK', 'MSFT', 'NKE', 'NVDA', 'PG', 'SHW', 'TRV', 'UNH', 'V', 'VZ', 'WMT']","['AAPL', 'AMGN', 'AMZN', 'CRM', 'CSCO', 'CVX', 'DIS', 'HD', 'HON', 'JPM', 'KO', 'MCD', 'MRK', 'MSFT', 'NKE', 'NVDA', 'PG', 'UNH', 'V', 'VZ', 'WMT']",21,2022-01-03,12,2021-01-04,2021-12-31,2022-01-03,2023-01-03,252,2000,42,"['equal_weight', 'naive_risk_parity', 'markowitz', 'hrp_recursive', 'hca_deprado_ew_nrp']",4,hrp_recursive,-0.07643019426289988,-0.07643019426289988,0.16126245079350698,-0.47394910524314837,-0.17840780204129925,1.1889299469409857,1.1829682931690635,0.10293154445380803,0.0245,0.06037416848279233,0.11552617577286639
djia_20220103_12m,processed,djia,DJIA Constituents,"['AAPL', 'AMGN', 'AMZN', 'AXP', 'BA', 'CAT', 'CRM', 'CSCO', 'CVX', 'DIS', 'GS', 'HD', 'HON', 'IBM', 'JNJ', 'JPM', 'KO', 'MCD', 'MMM', 'MRK', 'MSFT', 'NKE', 'NVDA', 'PG', 'SHW', 'TRV', 'UNH', 'V', 'VZ', 'WMT']","['AAPL', 'AMGN', 'AMZN', 'CRM', 'CSCO', 'CVX', 'DIS', 'HD', 'HON', 'JPM', 'KO', 'MCD', 'MRK', 'MSFT', 'NKE', 'NVDA', 'PG', 'UNH', 'V', 'VZ', 'WMT']",21,2022-01-03,12,2021-01-04,2021-12-31,2022-01-03,2023-01-03,252,2000,42,"['equal_weight', 'naive_risk_parity', 'markowitz', 'hrp_recursive', 'hca_deprado_ew_nrp']",4,hca_deprado_ew_nrp,-0.04800894268403777,-0.04800894268403777,0.16565050454639083,-0.2898206849143206,-0.1706385512912908,1.212805026065182,1.2080677010430194,0.11432496339112132,0.024,0.06344580914283196,0.16919424605481184
djia_20220103_24m,processed,djia,DJIA Constituents,"['AAPL', 'AMGN', 'AMZN', 'AXP', 'BA', 'CAT', 'CRM', 'CSCO', 'CVX', 'DIS', 'GS', 'HD', 'HON', 'IBM', 'JNJ', 'JPM', 'KO', 'MCD', 'MMM', 'MRK', 'MSFT', 'NKE', 'NVDA', 'PG', 'SHW', 'TRV', 'UNH', 'V', 'VZ', 'WMT']","['AAPL', 'AMGN', 'AMZN', 'CRM', 'CSCO', 'CVX', 'DIS', 'HD', 'HON', 'JPM', 'KO', 'MCD', 'MRK', 'MSFT', 'NKE', 'NVDA', 'PG', 'UNH', 'V', 'VZ', 'WMT']",21,2022-01-03,24,2020-01-03,2021-12-31,2022-01-03,2023-01-03,252,2000,42,"['equal_weight', 'naive_risk_parity', 'markowitz', 'hrp_recursive', 'hca_deprado_ew_nrp']",4,equal_weight,-0.11557792852162385,-0.11557792852162385,0.180092585469847,-0.641769499949653,-0.21627903363506495,1.2642139305301303,1.2452070644003883,0.23286378088924037,0.1195,0.0476190476190476,0.047619047619047616
djia_20220103_24m,processed,djia,DJIA Constituents,"['AAPL', 'AMGN', 'AMZN', 'AXP', 'BA', 'CAT', 'CRM', 'CSCO', 'CVX', 'DIS', 'GS', 'HD', 'HON', 'IBM', 'JNJ', 'JPM', 'KO', 'MCD', 'MMM', 'MRK', 'MSFT', 'NKE', 'NVDA', 'PG', 'SHW', 'TRV', 'UNH', 'V', 'VZ', 'WMT']","['AAPL', 'AMGN', 'AMZN', 'CRM', 'CSCO', 'CVX', 'DIS', 'HD', 'HON', 'JPM', 'KO', 'MCD', 'MRK', 'MSFT', 'NKE', 'NVDA', 'PG', 'UNH', 'V', 'VZ', 'WMT']",21,2022-01-03,24,2020-01-03,2021-12-31,2022-01-03,2023-01-03,252,2000,42,"['equal_weight', 'naive_risk_parity', 'markowitz', 'hrp_recursive', 'hca_deprado_ew_nrp']",4,naive_risk_parity,-0.09648337086521519,-0.09648337086521519,0.16638808360655097,-0.5798694760699586,-0.19997297572655748,1.2337242794984624,1.2131922272812288,0.21073453660915165,0.112,0.05047503820964173,0.07805068735099677
djia_20220103_24m,processed,djia,DJIA Constituents,"['AAPL', 'AMGN', 'AMZN', 'AXP', 'BA', 'CAT', 'CRM', 'CSCO', 'CVX', 'DIS', 'GS', 'HD', 'HON', 'IBM', 'JNJ', 'JPM', 'KO', 'MCD', 'MMM', 'MRK', 'MSFT', 'NKE', 'NVDA', 'PG', 'SHW', 'TRV', 'UNH', 'V', 'VZ', 'WMT']","['AAPL', 'AMGN', 'AMZN', 'CRM', 'CSCO', 'CVX', 'DIS', 'HD', 'HON', 'JPM', 'KO', 'MCD', 'MRK', 'MSFT', 'NKE', 'NVDA', 'PG', 'UNH', 'V', 'VZ', 'WMT']",21,2022-01-03,24,2020-01-03,2021-12-31,2022-01-03,2023-01-03,252,2000,42,"['equal_weight', 'naive_risk_parity', 'markowitz', 'hrp_recursive', 'hca_deprado_ew_nrp']",4,markowitz,-0.30627754313416844,-0.30627754313416844,0.3062107864148307,-1.000218009039196,-0.42739797548138514,1.7500728165973312,1.6934332841494248,0.433617792784673,0.016,0.310883792258903,0.4394459692934187
djia_20220103_24m,processed,djia,DJIA Constituents,"['AAPL', 'AMGN', 'AMZN', 'AXP', 'BA', 'CAT', 'CRM', 'CSCO', 'CVX', 'DIS', 'GS', 'HD', 'HON', 'IBM', 'JNJ', 'JPM', 'KO', 'MCD', 'MMM', 'MRK', 'MSFT', 'NKE', 'NVDA', 'PG', 'SHW', 'TRV', 'UNH', 'V', 'VZ', 'WMT']","['AAPL', 'AMGN', 'AMZN', 'CRM', 'CSCO', 'CVX', 'DIS', 'HD', 'HON', 'JPM', 'KO', 'MCD', 'MRK', 'MSFT', 'NKE', 'NVDA', 'PG', 'UNH', 'V', 'VZ', 'WMT']",21,2022-01-03,24,2020-01-03,2021-12-31,2022-01-03,2023-01-03,252,2000,42,"['equal_weight', 'naive_risk_parity', 'markowitz', 'hrp_recursive', 'hca_deprado_ew_nrp']",4,hrp_recursive,-0.05433499453587254,-0.05433499453587254,0.1434147516337124,-0.3788661481257278,-0.17489438134392,1.1548510738443962,1.1460030894683098,0.16839583683954468,0.1715,0.10154933382959294,0.1568672169218306
djia_20220103_24m,processed,djia,DJIA Constituents,"['AAPL', 'AMGN', 'AMZN', 'AXP', 'BA', 'CAT', 'CRM', 'CSCO', 'CVX', 'DIS', 'GS', 'HD', 'HON', 'IBM', 'JNJ', 'JPM', 'KO', 'MCD', 'MMM', 'MRK', 'MSFT', 'NKE', 'NVDA', 'PG', 'SHW', 'TRV', 'UNH', 'V', 'VZ', 'WMT']","['AAPL', 'AMGN', 'AMZN', 'CRM', 'CSCO', 'CVX', 'DIS', 'HD', 'HON', 'JPM', 'KO', 'MCD', 'MRK', 'MSFT', 'NKE', 'NVDA', 'PG', 'UNH', 'V', 'VZ', 'WMT']",21,2022-01-03,24,2020-01-03,2021-12-31,2022-01-03,2023-01-03,252,2000,42,"['equal_weight', 'naive_risk_parity', 'markowitz', 'hrp_recursive', 'hca_deprado_ew_nrp']",4,hca_deprado_ew_nrp,-0.06859227142313984,-0.06859227142313984,0.15715465709808296,-0.4364634983761901,-0.177030560378724,1.208672575162285,1.1981933786280266,0.1908467450348973,0.1255,0.09731833503523166,0.23815570725853902
djia_20220103_36m,processed,djia,DJIA Constituents,"['AAPL', 'AMGN', 'AMZN', 'AXP', 'BA', 'CAT', 'CRM', 'CSCO', 'CVX', 'DIS', 'GS', 'HD', 'HON', 'IBM', 'JNJ', 'JPM', 'KO', 'MCD', 'MMM', 'MRK', 'MSFT', 'NKE', 'NVDA', 'PG', 'SHW', 'TRV', 'UNH', 'V', 'VZ', 'WMT']","['AAPL', 'AMGN', 'AMZN', 'CRM', 'CSCO', 'CVX', 'DIS', 'HD', 'HON', 'JPM', 'KO', 'MCD', 'MRK', 'MSFT', 'NKE', 'NVDA', 'PG', 'UNH', 'V', 'VZ', 'WMT']",21,2022-01-03,36,2019-01-03,2021-12-31,2022-01-03,2023-01-03,252,2000,42,"['equal_weight', 'naive_risk_parity', 'markowitz', 'hrp_recursive', 'hca_deprado_ew_nrp']",4,equal_weight,-0.11557792852162385,-0.11557792852162385,0.180092585469847,-0.641769499949653,-0.21627903363506495,1.29781717881561,1.28321894903919,0.21150629499214144,0.0595,0.0476190476190476,0.047619047619047616
djia_20220103_36m,processed,djia,DJIA Constituents,"['AAPL', 'AMGN', 'AMZN', 'AXP', 'BA', 'CAT', 'CRM', 'CSCO', 'CVX', 'DIS', 'GS', 'HD', 'HON', 'IBM', 'JNJ', 'JPM', 'KO', 'MCD', 'MMM', 'MRK', 'MSFT', 'NKE', 'NVDA', 'PG', 'SHW', 'TRV', 'UNH', 'V', 'VZ', 'WMT']","['AAPL', 'AMGN', 'AMZN', 'CRM', 'CSCO', 'CVX', 'DIS', 'HD', 'HON', 'JPM', 'KO', 'MCD', 'MRK', 'MSFT', 'NKE', 'NVDA', 'PG', 'UNH', 'V', 'VZ', 'WMT']",21,2022-01-03,36,2019-01-03,2021-12-31,2022-01-03,2023-01-03,252,2000,42,"['equal_weight', 'naive_risk_parity', 'markowitz', 'hrp_recursive', 'hca_deprado_ew_nrp']",4,naive_risk_parity,-0.09492592365817243,-0.09492592365817243,0.16661329739396138,-0.5697379809590928,-0.19887066140134657,1.2705839239433372,1.2531871220503532,0.19216369086556856,0.0605,0.050059105253120025,0.07392852954073764
djia_20220103_36m,processed,djia,DJIA Constituents,"['AAPL', 'AMGN', 'AMZN', 'AXP', 'BA', 'CAT', 'CRM', 'CSCO', 'CVX', 'DIS', 'GS', 'HD', 'HON', 'IBM', 'JNJ', 'JPM', 'KO', 'MCD', 'MMM', 'MRK', 'MSFT', 'NKE', 'NVDA', 'PG', 'SHW', 'TRV', 'UNH', 'V', 'VZ', 'WMT']","['AAPL', 'AMGN', 'AMZN', 'CRM', 'CSCO', 'CVX', 'DIS', 'HD', 'HON', 'JPM', 'KO', 'MCD', 'MRK', 'MSFT', 'NKE', 'NVDA', 'PG', 'UNH', 'V', 'VZ', 'WMT']",21,2022-01-03,36,2019-01-03,2021-12-31,2022-01-03,2023-01-03,252,2000,42,"['equal_weight', 'naive_risk_parity', 'markowitz', 'hrp_recursive', 'hca_deprado_ew_nrp']",4,markowitz,-0.24038455128336877,-0.24038455128336877,0.24479041910354338,-0.982001469517028,-0.34267932193267114,1.5893999005617403,1.5689684636481398,0.3011172847465929,0.0075,0.2725751180080682,0.37772080703979194
djia_20220103_36m,processed,djia,DJIA Constituents,"['AAPL', 'AMGN', 'AMZN', 'AXP', 'BA', 'CAT', 'CRM', 'CSCO', 'CVX', 'DIS', 'GS', 'HD', 'HON', 'IBM', 'JNJ', 'JPM', 'KO', 'MCD', 'MMM', 'MRK', 'MSFT', 'NKE', 'NVDA', 'PG', 'SHW', 'TRV', 'UNH', 'V', 'VZ', 'WMT']","['AAPL', 'AMGN', 'AMZN', 'CRM', 'CSCO', 'CVX', 'DIS', 'HD', 'HON', 'JPM', 'KO', 'MCD', 'MRK', 'MSFT', 'NKE', 'NVDA', 'PG', 'UNH', 'V', 'VZ', 'WMT']",21,2022-01-03,36,2019-01-03,2021-12-31,2022-01-03,2023-01-03,252,2000,42,"['equal_weight', 'naive_risk_parity', 'markowitz', 'hrp_recursive', 'hca_deprado_ew_nrp']",4,hrp_recursive,-0.03906068837355281,-0.03906068837355281,0.1410085372557881,-0.2770093863373471,-0.17117382208991827,1.2041706999507442,1.1972865729134192,0.15692473403345883,0.0835,0.10114872541675081,0.15586438932443586
djia_20220103_36m,processed,djia,DJIA Constituents,"['AAPL', 'AMGN', 'AMZN', 'AXP', 'BA', 'CAT', 'CRM', 'CSCO', 'CVX', 'DIS', 'GS', 'HD', 'HON', 'IBM', 'JNJ', 'JPM', 'KO', 'MCD', 'MMM', 'MRK', 'MSFT', 'NKE', 'NVDA', 'PG', 'SHW', 'TRV', 'UNH', 'V', 'VZ', 'WMT']","['AAPL', 'AMGN', 'AMZN', 'CRM', 'CSCO', 'CVX', 'DIS', 'HD', 'HON', 'JPM', 'KO', 'MCD', 'MRK', 'MSFT', 'NKE', 'NVDA', 'PG', 'UNH', 'V', 'VZ', 'WMT']",21,2022-01-03,36,2019-01-03,2021-12-31,2022-01-03,2023-01-03,252,2000,42,"['equal_weight', 'naive_risk_parity', 'markowitz', 'hrp_recursive', 'hca_deprado_ew_nrp']",4,hca_deprado_ew_nrp,-0.05227588059442412,-0.05227588059442412,0.15021471476731307,-0.34800772131678953,-0.16978629587230465,1.2384327968761062,1.226231932943492,0.17553783849379367,0.074,0.07867294519189912,0.12090312125998444
sp100_style_top100_20190601_12m,processed,sp100_style_top100,S&P 100-style Top 100,"['NVDA', 'MSFT', 'AAPL', 'AMZN', 'GOOG', 'META', 'AVGO', 'TSLA', 'BRK-B', 'LLY', 'JPM', 'V', 'WMT', 'MA', 'NFLX', 'ORCL', 'XOM', 'COST', 'JNJ', 'HD', 'PG', 'BAC', 'ABBV', 'KO', 'PM', 'PLTR', 'UNH', 'CRM', 'CSCO', 'IBM', 'WFC', 'CVX', 'ABT', 'MCD', 'GE', 'LIN', 'AMD', 'MRK', 'TMO', 'DIS', 'PEP', 'ACN', 'INTU', 'ISRG', 'QCOM', 'TXN', 'VZ', 'AMGN', 'NOW', 'ADBE', 'CAT', 'GS', 'UBER', 'RTX', 'BKNG', 'SPGI', 'PGR', 'T', 'NEE', 'BSX', 'DHR', 'PFE', 'AXP', 'LOW', 'UNP', 'TJX', 'HON', 'SYK', 'SCHW', 'ETN', 'BLK', 'C', 'GILD', 'DE', 'AMAT', 'BA', 'PANW', 'ADP', 'MDT', 'VRTX', 'COP', 'CB', 'LRCX', 'ADI', 'MMC', 'MU', 'SBUX', 'KLAC', 'ANET', 'PLD', 'MDLZ', 'LMT', 'NKE', 'UPS', 'SO', 'MO', 'ICE', 'BMY', 'ELV', 'WM', 'DUK']","['NVDA', 'MSFT', 'AAPL', 'AMZN', 'GOOG', 'META', 'AVGO', 'TSLA', 'LLY', 'JPM', 'V', 'WMT', 'MA', 'NFLX', 'ORCL', 'XOM', 'COST', 'HD', 'PG', 'BAC', 'ABBV', 'KO', 'PM', 'UNH', 'CRM', 'CSCO', 'WFC', 'CVX', 'ABT', 'MCD', 'LIN', 'AMD', 'MRK', 'TMO', 'DIS', 'PEP', 'ACN', 'TXN', 'VZ', 'AMGN', 'ADBE', 'NEE', 'DHR', 'PFE', 'HON', 'NKE', 'UPS', 'BMY']",48,2019-06-01,12,2018-06-01,2019-05-31,2019-06-03,2020-06-01,252,2000,42,"['equal_weight', 'naive_risk_parity', 'markowitz', 'hrp_recursive', 'hca_deprado_ew_nrp']",6,equal_weight,0.24619203181025195,0.24619203181025195,0.21063632693318832,1.1688013905044097,-0.27212457563587866,1.1295278286467156,1.1217464411104818,0.1460830626093821,0.195,0.020833333333333336,0.020833333333333332
sp100_style_top100_20190601_12m,processed,sp100_style_top100,S&P 100-style Top 100,"['NVDA', 'MSFT', 'AAPL', 'AMZN', 'GOOG', 'META', 'AVGO', 'TSLA', 'BRK-B', 'LLY', 'JPM', 'V', 'WMT', 'MA', 'NFLX', 'ORCL', 'XOM', 'COST', 'JNJ', 'HD', 'PG', 'BAC', 'ABBV', 'KO', 'PM', 'PLTR', 'UNH', 'CRM', 'CSCO', 'IBM', 'WFC', 'CVX', 'ABT', 'MCD', 'GE', 'LIN', 'AMD', 'MRK', 'TMO', 'DIS', 'PEP', 'ACN', 'INTU', 'ISRG', 'QCOM', 'TXN', 'VZ', 'AMGN', 'NOW', 'ADBE', 'CAT', 'GS', 'UBER', 'RTX', 'BKNG', 'SPGI', 'PGR', 'T', 'NEE', 'BSX', 'DHR', 'PFE', 'AXP', 'LOW', 'UNP', 'TJX', 'HON', 'SYK', 'SCHW', 'ETN', 'BLK', 'C', 'GILD', 'DE', 'AMAT', 'BA', 'PANW', 'ADP', 'MDT', 'VRTX', 'COP', 'CB', 'LRCX', 'ADI', 'MMC', 'MU', 'SBUX', 'KLAC', 'ANET', 'PLD', 'MDLZ', 'LMT', 'NKE', 'UPS', 'SO', 'MO', 'ICE', 'BMY', 'ELV', 'WM', 'DUK']","['NVDA', 'MSFT', 'AAPL', 'AMZN', 'GOOG', 'META', 'AVGO', 'TSLA', 'LLY', 'JPM', 'V', 'WMT', 'MA', 'NFLX', 'ORCL', 'XOM', 'COST', 'HD', 'PG', 'BAC', 'ABBV', 'KO', 'PM', 'UNH', 'CRM', 'CSCO', 'WFC', 'CVX', 'ABT', 'MCD', 'LIN', 'AMD', 'MRK', 'TMO', 'DIS', 'PEP', 'ACN', 'TXN', 'VZ', 'AMGN', 'ADBE', 'NEE', 'DHR', 'PFE', 'HON', 'NKE', 'UPS', 'BMY']",48,2019-06-01,12,2018-06-01,2019-05-31,2019-06-03,2020-06-01,252,2000,42,"['equal_weight', 'naive_risk_parity', 'markowitz', 'hrp_recursive', 'hca_deprado_ew_nrp']",6,naive_risk_parity,0.18453626535670664,0.18453626535670664,0.204537352642241,0.9022130333303056,-0.26816835636290914,1.1429832043075752,1.1382366748710195,0.13211550588243778,0.1455,0.022206801454621915,0.032912021363975495
sp100_style_top100_20190601_12m,processed,sp100_style_top100,S&P 100-style Top 100,"['NVDA', 'MSFT', 'AAPL', 'AMZN', 'GOOG', 'META', 'AVGO', 'TSLA', 'BRK-B', 'LLY', 'JPM', 'V', 'WMT', 'MA', 'NFLX', 'ORCL', 'XOM', 'COST', 'JNJ', 'HD', 'PG', 'BAC', 'ABBV', 'KO', 'PM', 'PLTR', 'UNH', 'CRM', 'CSCO', 'IBM', 'WFC', 'CVX', 'ABT', 'MCD', 'GE', 'LIN', 'AMD', 'MRK', 'TMO', 'DIS', 'PEP', 'ACN', 'INTU', 'ISRG', 'QCOM', 'TXN', 'VZ', 'AMGN', 'NOW', 'ADBE', 'CAT', 'GS', 'UBER', 'RTX', 'BKNG', 'SPGI', 'PGR', 'T', 'NEE', 'BSX', 'DHR', 'PFE', 'AXP', 'LOW', 'UNP', 'TJX', 'HON', 'SYK', 'SCHW', 'ETN', 'BLK', 'C', 'GILD', 'DE', 'AMAT', 'BA', 'PANW', 'ADP', 'MDT', 'VRTX', 'COP', 'CB', 'LRCX', 'ADI', 'MMC', 'MU', 'SBUX', 'KLAC', 'ANET', 'PLD', 'MDLZ', 'LMT', 'NKE', 'UPS', 'SO', 'MO', 'ICE', 'BMY', 'ELV', 'WM', 'DUK']","['NVDA', 'MSFT', 'AAPL', 'AMZN', 'GOOG', 'META', 'AVGO', 'TSLA', 'LLY', 'JPM', 'V', 'WMT', 'MA', 'NFLX', 'ORCL', 'XOM', 'COST', 'HD', 'PG', 'BAC', 'ABBV', 'KO', 'PM', 'UNH', 'CRM', 'CSCO', 'WFC', 'CVX', 'ABT', 'MCD', 'LIN', 'AMD', 'MRK', 'TMO', 'DIS', 'PEP', 'ACN', 'TXN', 'VZ', 'AMGN', 'ADBE', 'NEE', 'DHR', 'PFE', 'HON', 'NKE', 'UPS', 'BMY']",48,2019-06-01,12,2018-06-01,2019-05-31,2019-06-03,2020-06-01,252,2000,42,"['equal_weight', 'naive_risk_parity', 'markowitz', 'hrp_recursive', 'hca_deprado_ew_nrp']",6,markowitz,0.19854215493074534,0.19854215493074534,0.19584709045763432,1.0137610646490254,-0.23387094303164024,1.4073366965940701,1.4042952943296,0.1418394546768884,0.0015,0.16077248925814608,0.25940778960896327
sp100_style_top100_20190601_12m,processed,sp100_style_top100,S&P 100-style Top 100,"['NVDA', 'MSFT', 'AAPL', 'AMZN', 'GOOG', 'META', 'AVGO', 'TSLA', 'BRK-B', 'LLY', 'JPM', 'V', 'WMT', 'MA', 'NFLX', 'ORCL', 'XOM', 'COST', 'JNJ', 'HD', 'PG', 'BAC', 'ABBV', 'KO', 'PM', 'PLTR', 'UNH', 'CRM', 'CSCO', 'IBM', 'WFC', 'CVX', 'ABT', 'MCD', 'GE', 'LIN', 'AMD', 'MRK', 'TMO', 'DIS', 'PEP', 'ACN', 'INTU', 'ISRG', 'QCOM', 'TXN', 'VZ', 'AMGN', 'NOW', 'ADBE', 'CAT', 'GS', 'UBER', 'RTX', 'BKNG', 'SPGI', 'PGR', 'T', 'NEE', 'BSX', 'DHR', 'PFE', 'AXP', 'LOW', 'UNP', 'TJX', 'HON', 'SYK', 'SCHW', 'ETN', 'BLK', 'C', 'GILD', 'DE', 'AMAT', 'BA', 'PANW', 'ADP', 'MDT', 'VRTX', 'COP', 'CB', 'LRCX', 'ADI', 'MMC', 'MU', 'SBUX', 'KLAC', 'ANET', 'PLD', 'MDLZ', 'LMT', 'NKE', 'UPS', 'SO', 'MO', 'ICE', 'BMY', 'ELV', 'WM', 'DUK']","['NVDA', 'MSFT', 'AAPL', 'AMZN', 'GOOG', 'META', 'AVGO', 'TSLA', 'LLY', 'JPM', 'V', 'WMT', 'MA', 'NFLX', 'ORCL', 'XOM', 'COST', 'HD', 'PG', 'BAC', 'ABBV', 'KO', 'PM', 'UNH', 'CRM', 'CSCO', 'WFC', 'CVX', 'ABT', 'MCD', 'LIN', 'AMD', 'MRK', 'TMO', 'DIS', 'PEP', 'ACN', 'TXN', 'VZ', 'AMGN', 'ADBE', 'NEE', 'DHR', 'PFE', 'HON', 'NKE', 'UPS', 'BMY']",48,2019-06-01,12,2018-06-01,2019-05-31,2019-06-03,2020-06-01,252,2000,42,"['equal_weight', 'naive_risk_parity', 'markowitz', 'hrp_recursive', 'hca_deprado_ew_nrp']",6,hrp_recursive,0.1852922615685335,0.1852922615685335,0.19745308510437923,0.9384115799992836,-0.26630232472131243,1.1711535658195862,1.1648141516820163,0.1099500800475488,0.051,0.06097280441342874,0.13741381865512856
sp100_style_top100_20190601_12m,processed,sp100_style_top100,S&P 100-style Top 100,"['NVDA', 'MSFT', 'AAPL', 'AMZN', 'GOOG', 'META', 'AVGO', 'TSLA', 'BRK-B', 'LLY', 'JPM', 'V', 'WMT', 'MA', 'NFLX', 'ORCL', 'XOM', 'COST', 'JNJ', 'HD', 'PG', 'BAC', 'ABBV', 'KO', 'PM', 'PLTR', 'UNH', 'CRM', 'CSCO', 'IBM', 'WFC', 'CVX', 'ABT', 'MCD', 'GE', 'LIN', 'AMD', 'MRK', 'TMO', 'DIS', 'PEP', 'ACN', 'INTU', 'ISRG', 'QCOM', 'TXN', 'VZ', 'AMGN', 'NOW', 'ADBE', 'CAT', 'GS', 'UBER', 'RTX', 'BKNG', 'SPGI', 'PGR', 'T', 'NEE', 'BSX', 'DHR', 'PFE', 'AXP', 'LOW', 'UNP', 'TJX', 'HON', 'SYK', 'SCHW', 'ETN', 'BLK', 'C', 'GILD', 'DE', 'AMAT', 'BA', 'PANW', 'ADP', 'MDT', 'VRTX', 'COP', 'CB', 'LRCX', 'ADI', 'MMC', 'MU', 'SBUX', 'KLAC', 'ANET', 'PLD', 'MDLZ', 'LMT', 'NKE', 'UPS', 'SO', 'MO', 'ICE', 'BMY', 'ELV', 'WM', 'DUK']","['NVDA', 'MSFT', 'AAPL', 'AMZN', 'GOOG', 'META', 'AVGO', 'TSLA', 'LLY', 'JPM', 'V', 'WMT', 'MA', 'NFLX', 'ORCL', 'XOM', 'COST', 'HD', 'PG', 'BAC', 'ABBV', 'KO', 'PM', 'UNH', 'CRM', 'CSCO', 'WFC', 'CVX', 'ABT', 'MCD', 'LIN', 'AMD', 'MRK', 'TMO', 'DIS', 'PEP', 'ACN', 'TXN', 'VZ', 'AMGN', 'ADBE', 'NEE', 'DHR', 'PFE', 'HON', 'NKE', 'UPS', 'BMY']",48,2019-06-01,12,2018-06-01,2019-05-31,2019-06-03,2020-06-01,252,2000,42,"['equal_weight', 'naive_risk_parity', 'markowitz', 'hrp_recursive', 'hca_deprado_ew_nrp']",6,hca_deprado_ew_nrp,0.2996311079698124,0.2996311079698124,0.20171316106877396,1.4854316217257306,-0.26801904614327365,1.1327247655413262,1.12537236030263,0.12802273296803723,0.1485,0.03664135715376119,0.08581715218086995
sp100_style_top100_20200601_12m,processed,sp100_style_top100,S&P 100-style Top 100,"['NVDA', 'MSFT', 'AAPL', 'AMZN', 'GOOG', 'META', 'AVGO', 'TSLA', 'BRK-B', 'LLY', 'JPM', 'V', 'WMT', 'MA', 'NFLX', 'ORCL', 'XOM', 'COST', 'JNJ', 'HD', 'PG', 'BAC', 'ABBV', 'KO', 'PM', 'PLTR', 'UNH', 'CRM', 'CSCO', 'IBM', 'WFC', 'CVX', 'ABT', 'MCD', 'GE', 'LIN', 'AMD', 'MRK', 'TMO', 'DIS', 'PEP', 'ACN', 'INTU', 'ISRG', 'QCOM', 'TXN', 'VZ', 'AMGN', 'NOW', 'ADBE', 'CAT', 'GS', 'UBER', 'RTX', 'BKNG', 'SPGI', 'PGR', 'T', 'NEE', 'BSX', 'DHR', 'PFE', 'AXP', 'LOW', 'UNP', 'TJX', 'HON', 'SYK', 'SCHW', 'ETN', 'BLK', 'C', 'GILD', 'DE', 'AMAT', 'BA', 'PANW', 'ADP', 'MDT', 'VRTX', 'COP', 'CB', 'LRCX', 'ADI', 'MMC', 'MU', 'SBUX', 'KLAC', 'ANET', 'PLD', 'MDLZ', 'LMT', 'NKE', 'UPS', 'SO', 'MO', 'ICE', 'BMY', 'ELV', 'WM', 'DUK']","['NVDA', 'MSFT', 'AAPL', 'AMZN', 'GOOG', 'META', 'AVGO', 'TSLA', 'LLY', 'JPM', 'V', 'WMT', 'MA', 'NFLX', 'ORCL', 'XOM', 'COST', 'HD', 'PG', 'BAC', 'ABBV', 'KO', 'PM', 'UNH', 'CRM', 'CSCO', 'WFC', 'CVX', 'ABT', 'MCD', 'LIN', 'AMD', 'MRK', 'TMO', 'DIS', 'PEP', 'ACN', 'TXN', 'VZ', 'AMGN', 'ADBE', 'NEE', 'DHR', 'PFE', 'HON', 'NKE', 'UPS', 'BMY']",48,2020-06-01,12,2019-06-03,2020-05-29,2020-06-01,2021-06-01,253,2000,42,"['equal_weight', 'naive_risk_parity', 'markowitz', 'hrp_recursive', 'hca_deprado_ew_nrp']",6,equal_weight,0.4395722300135938,0.43750059006777886,0.1416854038434373,3.087831055280881,-0.07835463672264453,1.269186133024863,1.2442401040502258,0.27212495833604256,0.1625,0.020833333333333336,0.020833333333333332
sp100_style_top100_20200601_12m,processed,sp100_style_top100,S&P 100-style Top 100,"['NVDA', 'MSFT', 'AAPL', 'AMZN', 'GOOG', 'META', 'AVGO', 'TSLA', 'BRK-B', 'LLY', 'JPM', 'V', 'WMT', 'MA', 'NFLX', 'ORCL', 'XOM', 'COST', 'JNJ', 'HD', 'PG', 'BAC', 'ABBV', 'KO', 'PM', 'PLTR', 'UNH', 'CRM', 'CSCO', 'IBM', 'WFC', 'CVX', 'ABT', 'MCD', 'GE', 'LIN', 'AMD', 'MRK', 'TMO', 'DIS', 'PEP', 'ACN', 'INTU', 'ISRG', 'QCOM', 'TXN', 'VZ', 'AMGN', 'NOW', 'ADBE', 'CAT', 'GS', 'UBER', 'RTX', 'BKNG', 'SPGI', 'PGR', 'T', 'NEE', 'BSX', 'DHR', 'PFE', 'AXP', 'LOW', 'UNP', 'TJX', 'HON', 'SYK', 'SCHW', 'ETN', 'BLK', 'C', 'GILD', 'DE', 'AMAT', 'BA', 'PANW', 'ADP', 'MDT', 'VRTX', 'COP', 'CB', 'LRCX', 'ADI', 'MMC', 'MU', 'SBUX', 'KLAC', 'ANET', 'PLD', 'MDLZ', 'LMT', 'NKE', 'UPS', 'SO', 'MO', 'ICE', 'BMY', 'ELV', 'WM', 'DUK']","['NVDA', 'MSFT', 'AAPL', 'AMZN', 'GOOG', 'META', 'AVGO', 'TSLA', 'LLY', 'JPM', 'V', 'WMT', 'MA', 'NFLX', 'ORCL', 'XOM', 'COST', 'HD', 'PG', 'BAC', 'ABBV', 'KO', 'PM', 'UNH', 'CRM', 'CSCO', 'WFC', 'CVX', 'ABT', 'MCD', 'LIN', 'AMD', 'MRK', 'TMO', 'DIS', 'PEP', 'ACN', 'TXN', 'VZ', 'AMGN', 'ADBE', 'NEE', 'DHR', 'PFE', 'HON', 'NKE', 'UPS', 'BMY']",48,2020-06-01,12,2019-06-03,2020-05-29,2020-06-01,2021-06-01,253,2000,42,"['equal_weight', 'naive_risk_parity', 'markowitz', 'hrp_recursive', 'hca_deprado_ew_nrp']",6,naive_risk_parity,0.38976704932587936,0.3879602305247365,0.13433390036133813,2.88802922777632,-0.07323765848463681,1.2397543736100072,1.221294161938614,0.24323923365165923,0.1685,0.02191477779141269,0.03339588881938007
sp100_style_top100_20200601_12m,processed,sp100_style_top100,S&P 100-style Top 100,"['NVDA', 'MSFT', 'AAPL', 'AMZN', 'GOOG', 'META', 'AVGO', 'TSLA', 'BRK-B', 'LLY', 'JPM', 'V', 'WMT', 'MA', 'NFLX', 'ORCL', 'XOM', 'COST', 'JNJ', 'HD', 'PG', 'BAC', 'ABBV', 'KO', 'PM', 'PLTR', 'UNH', 'CRM', 'CSCO', 'IBM', 'WFC', 'CVX', 'ABT', 'MCD', 'GE', 'LIN', 'AMD', 'MRK', 'TMO', 'DIS', 'PEP', 'ACN', 'INTU', 'ISRG', 'QCOM', 'TXN', 'VZ', 'AMGN', 'NOW', 'ADBE', 'CAT', 'GS', 'UBER', 'RTX', 'BKNG', 'SPGI', 'PGR', 'T', 'NEE', 'BSX', 'DHR', 'PFE', 'AXP', 'LOW', 'UNP', 'TJX', 'HON', 'SYK', 'SCHW', 'ETN', 'BLK', 'C', 'GILD', 'DE', 'AMAT', 'BA', 'PANW', 'ADP', 'MDT', 'VRTX', 'COP', 'CB', 'LRCX', 'ADI', 'MMC', 'MU', 'SBUX', 'KLAC', 'ANET', 'PLD', 'MDLZ', 'LMT', 'NKE', 'UPS', 'SO', 'MO', 'ICE', 'BMY', 'ELV', 'WM', 'DUK']","['NVDA', 'MSFT', 'AAPL', 'AMZN', 'GOOG', 'META', 'AVGO', 'TSLA', 'LLY', 'JPM', 'V', 'WMT', 'MA', 'NFLX', 'ORCL', 'XOM', 'COST', 'HD', 'PG', 'BAC', 'ABBV', 'KO', 'PM', 'UNH', 'CRM', 'CSCO', 'WFC', 'CVX', 'ABT', 'MCD', 'LIN', 'AMD', 'MRK', 'TMO', 'DIS', 'PEP', 'ACN', 'TXN', 'VZ', 'AMGN', 'ADBE', 'NEE', 'DHR', 'PFE', 'HON', 'NKE', 'UPS', 'BMY']",48,2020-06-01,12,2019-06-03,2020-05-29,2020-06-01,2021-06-01,253,2000,42,"['equal_weight', 'naive_risk_parity', 'markowitz', 'hrp_recursive', 'hca_deprado_ew_nrp']",6,markowitz,0.7849879890602889,0.78090474988574,0.23176748282958304,3.3693456060008797,-0.12800110201385284,2.257157383327478,2.1758556394033177,0.6274585674789597,0.004,0.1872496607824401,0.2924809050184218
sp100_style_top100_20200601_12m,processed,sp100_style_top100,S&P 100-style Top 100,"['NVDA', 'MSFT', 'AAPL', 'AMZN', 'GOOG', 'META', 'AVGO', 'TSLA', 'BRK-B', 'LLY', 'JPM', 'V', 'WMT', 'MA', 'NFLX', 'ORCL', 'XOM', 'COST', 'JNJ', 'HD', 'PG', 'BAC', 'ABBV', 'KO', 'PM', 'PLTR', 'UNH', 'CRM', 'CSCO', 'IBM', 'WFC', 'CVX', 'ABT', 'MCD', 'GE', 'LIN', 'AMD', 'MRK', 'TMO', 'DIS', 'PEP', 'ACN', 'INTU', 'ISRG', 'QCOM', 'TXN', 'VZ', 'AMGN', 'NOW', 'ADBE', 'CAT', 'GS', 'UBER', 'RTX', 'BKNG', 'SPGI', 'PGR', 'T', 'NEE', 'BSX', 'DHR', 'PFE', 'AXP', 'LOW', 'UNP', 'TJX', 'HON', 'SYK', 'SCHW', 'ETN', 'BLK', 'C', 'GILD', 'DE', 'AMAT', 'BA', 'PANW', 'ADP', 'MDT', 'VRTX', 'COP', 'CB', 'LRCX', 'ADI', 'MMC', 'MU', 'SBUX', 'KLAC', 'ANET', 'PLD', 'MDLZ', 'LMT', 'NKE', 'UPS', 'SO', 'MO', 'ICE', 'BMY', 'ELV', 'WM', 'DUK']","['NVDA', 'MSFT', 'AAPL', 'AMZN', 'GOOG', 'META', 'AVGO', 'TSLA', 'LLY', 'JPM', 'V', 'WMT', 'MA', 'NFLX', 'ORCL', 'XOM', 'COST', 'HD', 'PG', 'BAC', 'ABBV', 'KO', 'PM', 'UNH', 'CRM', 'CSCO', 'WFC', 'CVX', 'ABT', 'MCD', 'LIN', 'AMD', 'MRK', 'TMO', 'DIS', 'PEP', 'ACN', 'TXN', 'VZ', 'AMGN', 'ADBE', 'NEE', 'DHR', 'PFE', 'HON', 'NKE', 'UPS', 'BMY']",48,2020-06-01,12,2019-06-03,2020-05-29,2020-06-01,2021-06-01,253,2000,42,"['equal_weight', 'naive_risk_parity', 'markowitz', 'hrp_recursive', 'hca_deprado_ew_nrp']",6,hrp_recursive,0.40810832741337855,0.4062047886503264,0.126503448761908,3.211017506841604,-0.06828291189386182,1.26696326634239,1.2558739800157892,0.20960213543024092,0.089,0.0526557699415023,0.1200677187079594
sp100_style_top100_20200601_12m,processed,sp100_style_top100,S&P 100-style Top 100,"['NVDA', 'MSFT', 'AAPL', 'AMZN', 'GOOG', 'META', 'AVGO', 'TSLA', 'BRK-B', 'LLY', 'JPM', 'V', 'WMT', 'MA', 'NFLX', 'ORCL', 'XOM', 'COST', 'JNJ', 'HD', 'PG', 'BAC', 'ABBV', 'KO', 'PM', 'PLTR', 'UNH', 'CRM', 'CSCO', 'IBM', 'WFC', 'CVX', 'ABT', 'MCD', 'GE', 'LIN', 'AMD', 'MRK', 'TMO', 'DIS', 'PEP', 'ACN', 'INTU', 'ISRG', 'QCOM', 'TXN', 'VZ', 'AMGN', 'NOW', 'ADBE', 'CAT', 'GS', 'UBER', 'RTX', 'BKNG', 'SPGI', 'PGR', 'T', 'NEE', 'BSX', 'DHR', 'PFE', 'AXP', 'LOW', 'UNP', 'TJX', 'HON', 'SYK', 'SCHW', 'ETN', 'BLK', 'C', 'GILD', 'DE', 'AMAT', 'BA', 'PANW', 'ADP', 'MDT', 'VRTX', 'COP', 'CB', 'LRCX', 'ADI', 'MMC', 'MU', 'SBUX', 'KLAC', 'ANET', 'PLD', 'MDLZ', 'LMT', 'NKE', 'UPS', 'SO', 'MO', 'ICE', 'BMY', 'ELV', 'WM', 'DUK']","['NVDA', 'MSFT', 'AAPL', 'AMZN', 'GOOG', 'META', 'AVGO', 'TSLA', 'LLY', 'JPM', 'V', 'WMT', 'MA', 'NFLX', 'ORCL', 'XOM', 'COST', 'HD', 'PG', 'BAC', 'ABBV', 'KO', 'PM', 'UNH', 'CRM', 'CSCO', 'WFC', 'CVX', 'ABT', 'MCD', 'LIN', 'AMD', 'MRK', 'TMO', 'DIS', 'PEP', 'ACN', 'TXN', 'VZ', 'AMGN', 'ADBE', 'NEE', 'DHR', 'PFE', 'HON', 'NKE', 'UPS', 'BMY']",48,2020-06-01,12,2019-06-03,2020-05-29,2020-06-01,2021-06-01,253,2000,42,"['equal_weight', 'naive_risk_parity', 'markowitz', 'hrp_recursive', 'hca_deprado_ew_nrp']",6,hca_deprado_ew_nrp,0.49796532913188885,0.4955745931722486,0.1417030615087826,3.4972751322068896,-0.07488200391283972,1.3178432562145561,1.294470449124671,0.23581877978804733,0.074,0.05674777431021933,0.15487722298025358
sp100_style_top100_20200601_24m,processed,sp100_style_top100,S&P 100-style Top 100,"['NVDA', 'MSFT', 'AAPL', 'AMZN', 'GOOG', 'META', 'AVGO', 'TSLA', 'BRK-B', 'LLY', 'JPM', 'V', 'WMT', 'MA', 'NFLX', 'ORCL', 'XOM', 'COST', 'JNJ', 'HD', 'PG', 'BAC', 'ABBV', 'KO', 'PM', 'PLTR', 'UNH', 'CRM', 'CSCO', 'IBM', 'WFC', 'CVX', 'ABT', 'MCD', 'GE', 'LIN', 'AMD', 'MRK', 'TMO', 'DIS', 'PEP', 'ACN', 'INTU', 'ISRG', 'QCOM', 'TXN', 'VZ', 'AMGN', 'NOW', 'ADBE', 'CAT', 'GS', 'UBER', 'RTX', 'BKNG', 'SPGI', 'PGR', 'T', 'NEE', 'BSX', 'DHR', 'PFE', 'AXP', 'LOW', 'UNP', 'TJX', 'HON', 'SYK', 'SCHW', 'ETN', 'BLK', 'C', 'GILD', 'DE', 'AMAT', 'BA', 'PANW', 'ADP', 'MDT', 'VRTX', 'COP', 'CB', 'LRCX', 'ADI', 'MMC', 'MU', 'SBUX', 'KLAC', 'ANET', 'PLD', 'MDLZ', 'LMT', 'NKE', 'UPS', 'SO', 'MO', 'ICE', 'BMY', 'ELV', 'WM', 'DUK']","['NVDA', 'MSFT', 'AAPL', 'AMZN', 'GOOG', 'META', 'AVGO', 'TSLA', 'LLY', 'JPM', 'V', 'WMT', 'MA', 'NFLX', 'ORCL', 'XOM', 'COST', 'HD', 'PG', 'BAC', 'ABBV', 'KO', 'PM', 'UNH', 'CRM', 'CSCO', 'WFC', 'CVX', 'ABT', 'MCD', 'LIN', 'AMD', 'MRK', 'TMO', 'DIS', 'PEP', 'ACN', 'TXN', 'VZ', 'AMGN', 'ADBE', 'NEE', 'DHR', 'PFE', 'HON', 'NKE', 'UPS', 'BMY']",48,2020-06-01,24,2018-06-01,2020-05-29,2020-06-01,2021-06-01,253,2000,42,"['equal_weight', 'naive_risk_parity', 'markowitz', 'hrp_recursive', 'hca_deprado_ew_nrp']",6,equal_weight,0.4395722300135938,0.43750059006777886,0.1416854038434373,3.087831055280881,-0.07835463672264453,1.1955485957984107,1.1823912468575322,0.21030017285349134,0.178,0.020833333333333336,0.020833333333333332
sp100_style_top100_20200601_24m,processed,sp100_style_top100,S&P 100-style Top 100,"['NVDA', 'MSFT', 'AAPL', 'AMZN', 'GOOG', 'META', 'AVGO', 'TSLA', 'BRK-B', 'LLY', 'JPM', 'V', 'WMT', 'MA', 'NFLX', 'ORCL', 'XOM', 'COST', 'JNJ', 'HD', 'PG', 'BAC', 'ABBV', 'KO', 'PM', 'PLTR', 'UNH', 'CRM', 'CSCO', 'IBM', 'WFC', 'CVX', 'ABT', 'MCD', 'GE', 'LIN', 'AMD', 'MRK', 'TMO', 'DIS', 'PEP', 'ACN', 'INTU', 'ISRG', 'QCOM', 'TXN', 'VZ', 'AMGN', 'NOW', 'ADBE', 'CAT', 'GS', 'UBER', 'RTX', 'BKNG', 'SPGI', 'PGR', 'T', 'NEE', 'BSX', 'DHR', 'PFE', 'AXP', 'LOW', 'UNP', 'TJX', 'HON', 'SYK', 'SCHW', 'ETN', 'BLK', 'C', 'GILD', 'DE', 'AMAT', 'BA', 'PANW', 'ADP', 'MDT', 'VRTX', 'COP', 'CB', 'LRCX', 'ADI', 'MMC', 'MU', 'SBUX', 'KLAC', 'ANET', 'PLD', 'MDLZ', 'LMT', 'NKE', 'UPS', 'SO', 'MO', 'ICE', 'BMY', 'ELV', 'WM', 'DUK']","['NVDA', 'MSFT', 'AAPL', 'AMZN', 'GOOG', 'META', 'AVGO', 'TSLA', 'LLY', 'JPM', 'V', 'WMT', 'MA', 'NFLX', 'ORCL', 'XOM', 'COST', 'HD', 'PG', 'BAC', 'ABBV', 'KO', 'PM', 'UNH', 'CRM', 'CSCO', 'WFC', 'CVX', 'ABT', 'MCD', 'LIN', 'AMD', 'MRK', 'TMO', 'DIS', 'PEP', 'ACN', 'TXN', 'VZ', 'AMGN', 'ADBE', 'NEE', 'DHR', 'PFE', 'HON', 'NKE', 'UPS', 'BMY']",48,2020-06-01,24,2018-06-01,2020-05-29,2020-06-01,2021-06-01,253,2000,42,"['equal_weight', 'naive_risk_parity', 'markowitz', 'hrp_recursive', 'hca_deprado_ew_nrp']",6,naive_risk_parity,0.39075248292753906,0.38894049167249856,0.13511584158251902,2.878570618493774,-0.07313492388333653,1.1873922903308083,1.176493950029323,0.19335014846799986,0.165,0.021841908471864797,0.030138686427578828
sp100_style_top100_20200601_24m,processed,sp100_style_top100,S&P 100-style Top 100,"['NVDA', 'MSFT', 'AAPL', 'AMZN', 'GOOG', 'META', 'AVGO', 'TSLA', 'BRK-B', 'LLY', 'JPM', 'V', 'WMT', 'MA', 'NFLX', 'ORCL', 'XOM', 'COST', 'JNJ', 'HD', 'PG', 'BAC', 'ABBV', 'KO', 'PM', 'PLTR', 'UNH', 'CRM', 'CSCO', 'IBM', 'WFC', 'CVX', 'ABT', 'MCD', 'GE', 'LIN', 'AMD', 'MRK', 'TMO', 'DIS', 'PEP', 'ACN', 'INTU', 'ISRG', 'QCOM', 'TXN', 'VZ', 'AMGN', 'NOW', 'ADBE', 'CAT', 'GS', 'UBER', 'RTX', 'BKNG', 'SPGI', 'PGR', 'T', 'NEE', 'BSX', 'DHR', 'PFE', 'AXP', 'LOW', 'UNP', 'TJX', 'HON', 'SYK', 'SCHW', 'ETN', 'BLK', 'C', 'GILD', 'DE', 'AMAT', 'BA', 'PANW', 'ADP', 'MDT', 'VRTX', 'COP', 'CB', 'LRCX', 'ADI', 'MMC', 'MU', 'SBUX', 'KLAC', 'ANET', 'PLD', 'MDLZ', 'LMT', 'NKE', 'UPS', 'SO', 'MO', 'ICE', 'BMY', 'ELV', 'WM', 'DUK']","['NVDA', 'MSFT', 'AAPL', 'AMZN', 'GOOG', 'META', 'AVGO', 'TSLA', 'LLY', 'JPM', 'V', 'WMT', 'MA', 'NFLX', 'ORCL', 'XOM', 'COST', 'HD', 'PG', 'BAC', 'ABBV', 'KO', 'PM', 'UNH', 'CRM', 'CSCO', 'WFC', 'CVX', 'ABT', 'MCD', 'LIN', 'AMD', 'MRK', 'TMO', 'DIS', 'PEP', 'ACN', 'TXN', 'VZ', 'AMGN', 'ADBE', 'NEE', 'DHR', 'PFE', 'HON', 'NKE', 'UPS', 'BMY']",48,2020-06-01,24,2018-06-01,2020-05-29,2020-06-01,2021-06-01,253,2000,42,"['equal_weight', 'naive_risk_parity', 'markowitz', 'hrp_recursive', 'hca_deprado_ew_nrp']",6,markowitz,0.4737613367231408,0.47150397253096954,0.16255153476097042,2.90064300668898,-0.1160129722382639,1.4996163836538956,1.4691175022583214,0.26879164138968437,0.014,0.15559240666285754,0.26555117459991134
sp100_style_top100_20200601_24m,processed,sp100_style_top100,S&P 100-style Top 100,"['NVDA', 'MSFT', 'AAPL', 'AMZN', 'GOOG', 'META', 'AVGO', 'TSLA', 'BRK-B', 'LLY', 'JPM', 'V', 'WMT', 'MA', 'NFLX', 'ORCL', 'XOM', 'COST', 'JNJ', 'HD', 'PG', 'BAC', 'ABBV', 'KO', 'PM', 'PLTR', 'UNH', 'CRM', 'CSCO', 'IBM', 'WFC', 'CVX', 'ABT', 'MCD', 'GE', 'LIN', 'AMD', 'MRK', 'TMO', 'DIS', 'PEP', 'ACN', 'INTU', 'ISRG', 'QCOM', 'TXN', 'VZ', 'AMGN', 'NOW', 'ADBE', 'CAT', 'GS', 'UBER', 'RTX', 'BKNG', 'SPGI', 'PGR', 'T', 'NEE', 'BSX', 'DHR', 'PFE', 'AXP', 'LOW', 'UNP', 'TJX', 'HON', 'SYK', 'SCHW', 'ETN', 'BLK', 'C', 'GILD', 'DE', 'AMAT', 'BA', 'PANW', 'ADP', 'MDT', 'VRTX', 'COP', 'CB', 'LRCX', 'ADI', 'MMC', 'MU', 'SBUX', 'KLAC', 'ANET', 'PLD', 'MDLZ', 'LMT', 'NKE', 'UPS', 'SO', 'MO', 'ICE', 'BMY', 'ELV', 'WM', 'DUK']","['NVDA', 'MSFT', 'AAPL', 'AMZN', 'GOOG', 'META', 'AVGO', 'TSLA', 'LLY', 'JPM', 'V', 'WMT', 'MA', 'NFLX', 'ORCL', 'XOM', 'COST', 'HD', 'PG', 'BAC', 'ABBV', 'KO', 'PM', 'UNH', 'CRM', 'CSCO', 'WFC', 'CVX', 'ABT', 'MCD', 'LIN', 'AMD', 'MRK', 'TMO', 'DIS', 'PEP', 'ACN', 'TXN', 'VZ', 'AMGN', 'ADBE', 'NEE', 'DHR', 'PFE', 'HON', 'NKE', 'UPS', 'BMY']",48,2020-06-01,24,2018-06-01,2020-05-29,2020-06-01,2021-06-01,253,2000,42,"['equal_weight', 'naive_risk_parity', 'markowitz', 'hrp_recursive', 'hca_deprado_ew_nrp']",6,hrp_recursive,0.417569578457885,0.4156157792018935,0.1255613263748799,3.3100620326438555,-0.06688195347595283,1.2120649214301846,1.2074229680444293,0.18215254841747688,0.115,0.046576081422080674,0.08947378972175822
sp100_style_top100_20200601_24m,processed,sp100_style_top100,S&P 100-style Top 100,"['NVDA', 'MSFT', 'AAPL', 'AMZN', 'GOOG', 'META', 'AVGO', 'TSLA', 'BRK-B', 'LLY', 'JPM', 'V', 'WMT', 'MA', 'NFLX', 'ORCL', 'XOM', 'COST', 'JNJ', 'HD', 'PG', 'BAC', 'ABBV', 'KO', 'PM', 'PLTR', 'UNH', 'CRM', 'CSCO', 'IBM', 'WFC', 'CVX', 'ABT', 'MCD', 'GE', 'LIN', 'AMD', 'MRK', 'TMO', 'DIS', 'PEP', 'ACN', 'INTU', 'ISRG', 'QCOM', 'TXN', 'VZ', 'AMGN', 'NOW', 'ADBE', 'CAT', 'GS', 'UBER', 'RTX', 'BKNG', 'SPGI', 'PGR', 'T', 'NEE', 'BSX', 'DHR', 'PFE', 'AXP', 'LOW', 'UNP', 'TJX', 'HON', 'SYK', 'SCHW', 'ETN', 'BLK', 'C', 'GILD', 'DE', 'AMAT', 'BA', 'PANW', 'ADP', 'MDT', 'VRTX', 'COP', 'CB', 'LRCX', 'ADI', 'MMC', 'MU', 'SBUX', 'KLAC', 'ANET', 'PLD', 'MDLZ', 'LMT', 'NKE', 'UPS', 'SO', 'MO', 'ICE', 'BMY', 'ELV', 'WM', 'DUK']","['NVDA', 'MSFT', 'AAPL', 'AMZN', 'GOOG', 'META', 'AVGO', 'TSLA', 'LLY', 'JPM', 'V', 'WMT', 'MA', 'NFLX', 'ORCL', 'XOM', 'COST', 'HD', 'PG', 'BAC', 'ABBV', 'KO', 'PM', 'UNH', 'CRM', 'CSCO', 'WFC', 'CVX', 'ABT', 'MCD', 'LIN', 'AMD', 'MRK', 'TMO', 'DIS', 'PEP', 'ACN', 'TXN', 'VZ', 'AMGN', 'ADBE', 'NEE', 'DHR', 'PFE', 'HON', 'NKE', 'UPS', 'BMY']",48,2020-06-01,24,2018-06-01,2020-05-29,2020-06-01,2021-06-01,253,2000,42,"['equal_weight', 'naive_risk_parity', 'markowitz', 'hrp_recursive', 'hca_deprado_ew_nrp']",6,hca_deprado_ew_nrp,0.4379471875527081,0.43588429639313064,0.13208532002846,3.300020746432776,-0.07155246428146278,1.2513958897994504,1.2463788145141512,0.1964856442843008,0.09,0.041655012242723055,0.0735146530268355
sp100_style_top100_20220103_12m,processed,sp100_style_top100,S&P 100-style Top 100,"['NVDA', 'MSFT', 'AAPL', 'AMZN', 'GOOG', 'META', 'AVGO', 'TSLA', 'BRK-B', 'LLY', 'JPM', 'V', 'WMT', 'MA', 'NFLX', 'ORCL', 'XOM', 'COST', 'JNJ', 'HD', 'PG', 'BAC', 'ABBV', 'KO', 'PM', 'PLTR', 'UNH', 'CRM', 'CSCO', 'IBM', 'WFC', 'CVX', 'ABT', 'MCD', 'GE', 'LIN', 'AMD', 'MRK', 'TMO', 'DIS', 'PEP', 'ACN', 'INTU', 'ISRG', 'QCOM', 'TXN', 'VZ', 'AMGN', 'NOW', 'ADBE', 'CAT', 'GS', 'UBER', 'RTX', 'BKNG', 'SPGI', 'PGR', 'T', 'NEE', 'BSX', 'DHR', 'PFE', 'AXP', 'LOW', 'UNP', 'TJX', 'HON', 'SYK', 'SCHW', 'ETN', 'BLK', 'C', 'GILD', 'DE', 'AMAT', 'BA', 'PANW', 'ADP', 'MDT', 'VRTX', 'COP', 'CB', 'LRCX', 'ADI', 'MMC', 'MU', 'SBUX', 'KLAC', 'ANET', 'PLD', 'MDLZ', 'LMT', 'NKE', 'UPS', 'SO', 'MO', 'ICE', 'BMY', 'ELV', 'WM', 'DUK']","['NVDA', 'MSFT', 'AAPL', 'AMZN', 'GOOG', 'META', 'AVGO', 'TSLA', 'LLY', 'JPM', 'V', 'WMT', 'MA', 'NFLX', 'ORCL', 'XOM', 'COST', 'HD', 'PG', 'BAC', 'ABBV', 'KO', 'PM', 'UNH', 'CRM', 'CSCO', 'WFC', 'CVX', 'ABT', 'MCD', 'LIN', 'AMD', 'MRK', 'TMO', 'DIS', 'PEP', 'ACN', 'TXN', 'VZ', 'AMGN', 'ADBE', 'NEE', 'DHR', 'PFE', 'HON', 'NKE', 'UPS', 'BMY']",48,2022-01-03,12,2021-01-04,2021-12-31,2022-01-03,2023-01-03,252,2000,42,"['equal_weight', 'naive_risk_parity', 'markowitz', 'hrp_recursive', 'hca_deprado_ew_nrp']",6,equal_weight,-0.13493556541666185,-0.13493556541666185,0.18842549205455397,-0.7161216030026053,-0.22559136333536078,1.335963711379618,1.3318287771420514,0.12734581946386972,0.0005,0.020833333333333336,0.020833333333333332
sp100_style_top100_20220103_12m,processed,sp100_style_top100,S&P 100-style Top 100,"['NVDA', 'MSFT', 'AAPL', 'AMZN', 'GOOG', 'META', 'AVGO', 'TSLA', 'BRK-B', 'LLY', 'JPM', 'V', 'WMT', 'MA', 'NFLX', 'ORCL', 'XOM', 'COST', 'JNJ', 'HD', 'PG', 'BAC', 'ABBV', 'KO', 'PM', 'PLTR', 'UNH', 'CRM', 'CSCO', 'IBM', 'WFC', 'CVX', 'ABT', 'MCD', 'GE', 'LIN', 'AMD', 'MRK', 'TMO', 'DIS', 'PEP', 'ACN', 'INTU', 'ISRG', 'QCOM', 'TXN', 'VZ', 'AMGN', 'NOW', 'ADBE', 'CAT', 'GS', 'UBER', 'RTX', 'BKNG', 'SPGI', 'PGR', 'T', 'NEE', 'BSX', 'DHR', 'PFE', 'AXP', 'LOW', 'UNP', 'TJX', 'HON', 'SYK', 'SCHW', 'ETN', 'BLK', 'C', 'GILD', 'DE', 'AMAT', 'BA', 'PANW', 'ADP', 'MDT', 'VRTX', 'COP', 'CB', 'LRCX', 'ADI', 'MMC', 'MU', 'SBUX', 'KLAC', 'ANET', 'PLD', 'MDLZ', 'LMT', 'NKE', 'UPS', 'SO', 'MO', 'ICE', 'BMY', 'ELV', 'WM', 'DUK']","['NVDA', 'MSFT', 'AAPL', 'AMZN', 'GOOG', 'META', 'AVGO', 'TSLA', 'LLY', 'JPM', 'V', 'WMT', 'MA', 'NFLX', 'ORCL', 'XOM', 'COST', 'HD', 'PG', 'BAC', 'ABBV', 'KO', 'PM', 'UNH', 'CRM', 'CSCO', 'WFC', 'CVX', 'ABT', 'MCD', 'LIN', 'AMD', 'MRK', 'TMO', 'DIS', 'PEP', 'ACN', 'TXN', 'VZ', 'AMGN', 'ADBE', 'NEE', 'DHR', 'PFE', 'HON', 'NKE', 'UPS', 'BMY']",48,2022-01-03,12,2021-01-04,2021-12-31,2022-01-03,2023-01-03,252,2000,42,"['equal_weight', 'naive_risk_parity', 'markowitz', 'hrp_recursive', 'hca_deprado_ew_nrp']",6,naive_risk_parity,-0.10446298829843526,-0.10446298829843526,0.17300440248559792,-0.6038169364339239,-0.20020042964286522,1.3040860280709872,1.300764999960613,0.1116064862764543,0.0005,0.022575931567781322,0.0334269075056696
sp100_style_top100_20220103_12m,processed,sp100_style_top100,S&P 100-style Top 100,"['NVDA', 'MSFT', 'AAPL', 'AMZN', 'GOOG', 'META', 'AVGO', 'TSLA', 'BRK-B', 'LLY', 'JPM', 'V', 'WMT', 'MA', 'NFLX', 'ORCL', 'XOM', 'COST', 'JNJ', 'HD', 'PG', 'BAC', 'ABBV', 'KO', 'PM', 'PLTR', 'UNH', 'CRM', 'CSCO', 'IBM', 'WFC', 'CVX', 'ABT', 'MCD', 'GE', 'LIN', 'AMD', 'MRK', 'TMO', 'DIS', 'PEP', 'ACN', 'INTU', 'ISRG', 'QCOM', 'TXN', 'VZ', 'AMGN', 'NOW', 'ADBE', 'CAT', 'GS', 'UBER', 'RTX', 'BKNG', 'SPGI', 'PGR', 'T', 'NEE', 'BSX', 'DHR', 'PFE', 'AXP', 'LOW', 'UNP', 'TJX', 'HON', 'SYK', 'SCHW', 'ETN', 'BLK', 'C', 'GILD', 'DE', 'AMAT', 'BA', 'PANW', 'ADP', 'MDT', 'VRTX', 'COP', 'CB', 'LRCX', 'ADI', 'MMC', 'MU', 'SBUX', 'KLAC', 'ANET', 'PLD', 'MDLZ', 'LMT', 'NKE', 'UPS', 'SO', 'MO', 'ICE', 'BMY', 'ELV', 'WM', 'DUK']","['NVDA', 'MSFT', 'AAPL', 'AMZN', 'GOOG', 'META', 'AVGO', 'TSLA', 'LLY', 'JPM', 'V', 'WMT', 'MA', 'NFLX', 'ORCL', 'XOM', 'COST', 'HD', 'PG', 'BAC', 'ABBV', 'KO', 'PM', 'UNH', 'CRM', 'CSCO', 'WFC', 'CVX', 'ABT', 'MCD', 'LIN', 'AMD', 'MRK', 'TMO', 'DIS', 'PEP', 'ACN', 'TXN', 'VZ', 'AMGN', 'ADBE', 'NEE', 'DHR', 'PFE', 'HON', 'NKE', 'UPS', 'BMY']",48,2022-01-03,12,2021-01-04,2021-12-31,2022-01-03,2023-01-03,252,2000,42,"['equal_weight', 'naive_risk_parity', 'markowitz', 'hrp_recursive', 'hca_deprado_ew_nrp']",6,markowitz,-0.11799253638931317,-0.11799253638931317,0.1822228967749698,-0.6475176197809224,-0.19504120705417194,1.5839836699943821,1.57517903242262,0.1459000733476447,0.0,0.08557915429985424,0.13719277861694829
sp100_style_top100_20220103_12m,processed,sp100_style_top100,S&P 100-style Top 100,"['NVDA', 'MSFT', 'AAPL', 'AMZN', 'GOOG', 'META', 'AVGO', 'TSLA', 'BRK-B', 'LLY', 'JPM', 'V', 'WMT', 'MA', 'NFLX', 'ORCL', 'XOM', 'COST', 'JNJ', 'HD', 'PG', 'BAC', 'ABBV', 'KO', 'PM', 'PLTR', 'UNH', 'CRM', 'CSCO', 'IBM', 'WFC', 'CVX', 'ABT', 'MCD', 'GE', 'LIN', 'AMD', 'MRK', 'TMO', 'DIS', 'PEP', 'ACN', 'INTU', 'ISRG', 'QCOM', 'TXN', 'VZ', 'AMGN', 'NOW', 'ADBE', 'CAT', 'GS', 'UBER', 'RTX', 'BKNG', 'SPGI', 'PGR', 'T', 'NEE', 'BSX', 'DHR', 'PFE', 'AXP', 'LOW', 'UNP', 'TJX', 'HON', 'SYK', 'SCHW', 'ETN', 'BLK', 'C', 'GILD', 'DE', 'AMAT', 'BA', 'PANW', 'ADP', 'MDT', 'VRTX', 'COP', 'CB', 'LRCX', 'ADI', 'MMC', 'MU', 'SBUX', 'KLAC', 'ANET', 'PLD', 'MDLZ', 'LMT', 'NKE', 'UPS', 'SO', 'MO', 'ICE', 'BMY', 'ELV', 'WM', 'DUK']","['NVDA', 'MSFT', 'AAPL', 'AMZN', 'GOOG', 'META', 'AVGO', 'TSLA', 'LLY', 'JPM', 'V', 'WMT', 'MA', 'NFLX', 'ORCL', 'XOM', 'COST', 'HD', 'PG', 'BAC', 'ABBV', 'KO', 'PM', 'UNH', 'CRM', 'CSCO', 'WFC', 'CVX', 'ABT', 'MCD', 'LIN', 'AMD', 'MRK', 'TMO', 'DIS', 'PEP', 'ACN', 'TXN', 'VZ', 'AMGN', 'ADBE', 'NEE', 'DHR', 'PFE', 'HON', 'NKE', 'UPS', 'BMY']",48,2022-01-03,12,2021-01-04,2021-12-31,2022-01-03,2023-01-03,252,2000,42,"['equal_weight', 'naive_risk_parity', 'markowitz', 'hrp_recursive', 'hca_deprado_ew_nrp']",6,hrp_recursive,-0.04183251151715983,-0.04183251151715983,0.15767321383233057,-0.26531146604041733,-0.15788413279243152,1.283346919414224,1.2780179599508812,0.11102166383209243,0.002,0.031835639990964504,0.06602600643593147
sp100_style_top100_20220103_12m,processed,sp100_style_top100,S&P 100-style Top 100,"['NVDA', 'MSFT', 'AAPL', 'AMZN', 'GOOG', 'META', 'AVGO', 'TSLA', 'BRK-B', 'LLY', 'JPM', 'V', 'WMT', 'MA', 'NFLX', 'ORCL', 'XOM', 'COST', 'JNJ', 'HD', 'PG', 'BAC', 'ABBV', 'KO', 'PM', 'PLTR', 'UNH', 'CRM', 'CSCO', 'IBM', 'WFC', 'CVX', 'ABT', 'MCD', 'GE', 'LIN', 'AMD', 'MRK', 'TMO', 'DIS', 'PEP', 'ACN', 'INTU', 'ISRG', 'QCOM', 'TXN', 'VZ', 'AMGN', 'NOW', 'ADBE', 'CAT', 'GS', 'UBER', 'RTX', 'BKNG', 'SPGI', 'PGR', 'T', 'NEE', 'BSX', 'DHR', 'PFE', 'AXP', 'LOW', 'UNP', 'TJX', 'HON', 'SYK', 'SCHW', 'ETN', 'BLK', 'C', 'GILD', 'DE', 'AMAT', 'BA', 'PANW', 'ADP', 'MDT', 'VRTX', 'COP', 'CB', 'LRCX', 'ADI', 'MMC', 'MU', 'SBUX', 'KLAC', 'ANET', 'PLD', 'MDLZ', 'LMT', 'NKE', 'UPS', 'SO', 'MO', 'ICE', 'BMY', 'ELV', 'WM', 'DUK']","['NVDA', 'MSFT', 'AAPL', 'AMZN', 'GOOG', 'META', 'AVGO', 'TSLA', 'LLY', 'JPM', 'V', 'WMT', 'MA', 'NFLX', 'ORCL', 'XOM', 'COST', 'HD', 'PG', 'BAC', 'ABBV', 'KO', 'PM', 'UNH', 'CRM', 'CSCO', 'WFC', 'CVX', 'ABT', 'MCD', 'LIN', 'AMD', 'MRK', 'TMO', 'DIS', 'PEP', 'ACN', 'TXN', 'VZ', 'AMGN', 'ADBE', 'NEE', 'DHR', 'PFE', 'HON', 'NKE', 'UPS', 'BMY']",48,2022-01-03,12,2021-01-04,2021-12-31,2022-01-03,2023-01-03,252,2000,42,"['equal_weight', 'naive_risk_parity', 'markowitz', 'hrp_recursive', 'hca_deprado_ew_nrp']",6,hca_deprado_ew_nrp,-0.0696786240852193,-0.0696786240852193,0.16749753721996535,-0.4159979020689371,-0.17106649967389242,1.326197765665088,1.3204605589611045,0.11510333213365717,0.0005,0.024346157440989655,0.03945710298296724
sp100_style_top100_20220103_24m,processed,sp100_style_top100,S&P 100-style Top 100,"['NVDA', 'MSFT', 'AAPL', 'AMZN', 'GOOG', 'META', 'AVGO', 'TSLA', 'BRK-B', 'LLY', 'JPM', 'V', 'WMT', 'MA', 'NFLX', 'ORCL', 'XOM', 'COST', 'JNJ', 'HD', 'PG', 'BAC', 'ABBV', 'KO', 'PM', 'PLTR', 'UNH', 'CRM', 'CSCO', 'IBM', 'WFC', 'CVX', 'ABT', 'MCD', 'GE', 'LIN', 'AMD', 'MRK', 'TMO', 'DIS', 'PEP', 'ACN', 'INTU', 'ISRG', 'QCOM', 'TXN', 'VZ', 'AMGN', 'NOW', 'ADBE', 'CAT', 'GS', 'UBER', 'RTX', 'BKNG', 'SPGI', 'PGR', 'T', 'NEE', 'BSX', 'DHR', 'PFE', 'AXP', 'LOW', 'UNP', 'TJX', 'HON', 'SYK', 'SCHW', 'ETN', 'BLK', 'C', 'GILD', 'DE', 'AMAT', 'BA', 'PANW', 'ADP', 'MDT', 'VRTX', 'COP', 'CB', 'LRCX', 'ADI', 'MMC', 'MU', 'SBUX', 'KLAC', 'ANET', 'PLD', 'MDLZ', 'LMT', 'NKE', 'UPS', 'SO', 'MO', 'ICE', 'BMY', 'ELV', 'WM', 'DUK']","['NVDA', 'MSFT', 'AAPL', 'AMZN', 'GOOG', 'META', 'AVGO', 'TSLA', 'LLY', 'JPM', 'V', 'WMT', 'MA', 'NFLX', 'ORCL', 'XOM', 'COST', 'HD', 'PG', 'BAC', 'ABBV', 'KO', 'PM', 'UNH', 'CRM', 'CSCO', 'WFC', 'CVX', 'ABT', 'MCD', 'LIN', 'AMD', 'MRK', 'TMO', 'DIS', 'PEP', 'ACN', 'TXN', 'VZ', 'AMGN', 'ADBE', 'NEE', 'DHR', 'PFE', 'HON', 'NKE', 'UPS', 'BMY']",48,2022-01-03,24,2020-01-03,2021-12-31,2022-01-03,2023-01-03,252,2000,42,"['equal_weight', 'naive_risk_parity', 'markowitz', 'hrp_recursive', 'hca_deprado_ew_nrp']",6,equal_weight,-0.13493556541666185,-0.13493556541666185,0.18842549205455397,-0.7161216030026053,-0.22559136333536078,1.3370870162381574,1.3214340808601355,0.2381586911190453,0.058,0.020833333333333336,0.020833333333333332
sp100_style_top100_20220103_24m,processed,sp100_style_top100,S&P 100-style Top 100,"['NVDA', 'MSFT', 'AAPL', 'AMZN', 'GOOG', 'META', 'AVGO', 'TSLA', 'BRK-B', 'LLY', 'JPM', 'V', 'WMT', 'MA', 'NFLX', 'ORCL', 'XOM', 'COST', 'JNJ', 'HD', 'PG', 'BAC', 'ABBV', 'KO', 'PM', 'PLTR', 'UNH', 'CRM', 'CSCO', 'IBM', 'WFC', 'CVX', 'ABT', 'MCD', 'GE', 'LIN', 'AMD', 'MRK', 'TMO', 'DIS', 'PEP', 'ACN', 'INTU', 'ISRG', 'QCOM', 'TXN', 'VZ', 'AMGN', 'NOW', 'ADBE', 'CAT', 'GS', 'UBER', 'RTX', 'BKNG', 'SPGI', 'PGR', 'T', 'NEE', 'BSX', 'DHR', 'PFE', 'AXP', 'LOW', 'UNP', 'TJX', 'HON', 'SYK', 'SCHW', 'ETN', 'BLK', 'C', 'GILD', 'DE', 'AMAT', 'BA', 'PANW', 'ADP', 'MDT', 'VRTX', 'COP', 'CB', 'LRCX', 'ADI', 'MMC', 'MU', 'SBUX', 'KLAC', 'ANET', 'PLD', 'MDLZ', 'LMT', 'NKE', 'UPS', 'SO', 'MO', 'ICE', 'BMY', 'ELV', 'WM', 'DUK']","['NVDA', 'MSFT', 'AAPL', 'AMZN', 'GOOG', 'META', 'AVGO', 'TSLA', 'LLY', 'JPM', 'V', 'WMT', 'MA', 'NFLX', 'ORCL', 'XOM', 'COST', 'HD', 'PG', 'BAC', 'ABBV', 'KO', 'PM', 'UNH', 'CRM', 'CSCO', 'WFC', 'CVX', 'ABT', 'MCD', 'LIN', 'AMD', 'MRK', 'TMO', 'DIS', 'PEP', 'ACN', 'TXN', 'VZ', 'AMGN', 'ADBE', 'NEE', 'DHR', 'PFE', 'HON', 'NKE', 'UPS', 'BMY']",48,2022-01-03,24,2020-01-03,2021-12-31,2022-01-03,2023-01-03,252,2000,42,"['equal_weight', 'naive_risk_parity', 'markowitz', 'hrp_recursive', 'hca_deprado_ew_nrp']",6,naive_risk_parity,-0.11071724176009878,-0.11071724176009878,0.17624179540119211,-0.62821217582393,-0.20562499928219413,1.2988778737665752,1.2830455629688253,0.21500248998746946,0.0755,0.02207575067910525,0.03536059600216123
sp100_style_top100_20220103_24m,processed,sp100_style_top100,S&P 100-style Top 100,"['NVDA', 'MSFT', 'AAPL', 'AMZN', 'GOOG', 'META', 'AVGO', 'TSLA', 'BRK-B', 'LLY', 'JPM', 'V', 'WMT', 'MA', 'NFLX', 'ORCL', 'XOM', 'COST', 'JNJ', 'HD', 'PG', 'BAC', 'ABBV', 'KO', 'PM', 'PLTR', 'UNH', 'CRM', 'CSCO', 'IBM', 'WFC', 'CVX', 'ABT', 'MCD', 'GE', 'LIN', 'AMD', 'MRK', 'TMO', 'DIS', 'PEP', 'ACN', 'INTU', 'ISRG', 'QCOM', 'TXN', 'VZ', 'AMGN', 'NOW', 'ADBE', 'CAT', 'GS', 'UBER', 'RTX', 'BKNG', 'SPGI', 'PGR', 'T', 'NEE', 'BSX', 'DHR', 'PFE', 'AXP', 'LOW', 'UNP', 'TJX', 'HON', 'SYK', 'SCHW', 'ETN', 'BLK', 'C', 'GILD', 'DE', 'AMAT', 'BA', 'PANW', 'ADP', 'MDT', 'VRTX', 'COP', 'CB', 'LRCX', 'ADI', 'MMC', 'MU', 'SBUX', 'KLAC', 'ANET', 'PLD', 'MDLZ', 'LMT', 'NKE', 'UPS', 'SO', 'MO', 'ICE', 'BMY', 'ELV', 'WM', 'DUK']","['NVDA', 'MSFT', 'AAPL', 'AMZN', 'GOOG', 'META', 'AVGO', 'TSLA', 'LLY', 'JPM', 'V', 'WMT', 'MA', 'NFLX', 'ORCL', 'XOM', 'COST', 'HD', 'PG', 'BAC', 'ABBV', 'KO', 'PM', 'UNH', 'CRM', 'CSCO', 'WFC', 'CVX', 'ABT', 'MCD', 'LIN', 'AMD', 'MRK', 'TMO', 'DIS', 'PEP', 'ACN', 'TXN', 'VZ', 'AMGN', 'ADBE', 'NEE', 'DHR', 'PFE', 'HON', 'NKE', 'UPS', 'BMY']",48,2022-01-03,24,2020-01-03,2021-12-31,2022-01-03,2023-01-03,252,2000,42,"['equal_weight', 'naive_risk_parity', 'markowitz', 'hrp_recursive', 'hca_deprado_ew_nrp']",6,markowitz,-0.24871406615036673,-0.24871406615036673,0.24866682484529182,-1.0001899783177925,-0.26604204015603405,1.8309843637523768,1.801987807267225,0.363570640458897,0.0025,0.16507476781572256,0.2620577113405343
sp100_style_top100_20220103_24m,processed,sp100_style_top100,S&P 100-style Top 100,"['NVDA', 'MSFT', 'AAPL', 'AMZN', 'GOOG', 'META', 'AVGO', 'TSLA', 'BRK-B', 'LLY', 'JPM', 'V', 'WMT', 'MA', 'NFLX', 'ORCL', 'XOM', 'COST', 'JNJ', 'HD', 'PG', 'BAC', 'ABBV', 'KO', 'PM', 'PLTR', 'UNH', 'CRM', 'CSCO', 'IBM', 'WFC', 'CVX', 'ABT', 'MCD', 'GE', 'LIN', 'AMD', 'MRK', 'TMO', 'DIS', 'PEP', 'ACN', 'INTU', 'ISRG', 'QCOM', 'TXN', 'VZ', 'AMGN', 'NOW', 'ADBE', 'CAT', 'GS', 'UBER', 'RTX', 'BKNG', 'SPGI', 'PGR', 'T', 'NEE', 'BSX', 'DHR', 'PFE', 'AXP', 'LOW', 'UNP', 'TJX', 'HON', 'SYK', 'SCHW', 'ETN', 'BLK', 'C', 'GILD', 'DE', 'AMAT', 'BA', 'PANW', 'ADP', 'MDT', 'VRTX', 'COP', 'CB', 'LRCX', 'ADI', 'MMC', 'MU', 'SBUX', 'KLAC', 'ANET', 'PLD', 'MDLZ', 'LMT', 'NKE', 'UPS', 'SO', 'MO', 'ICE', 'BMY', 'ELV', 'WM', 'DUK']","['NVDA', 'MSFT', 'AAPL', 'AMZN', 'GOOG', 'META', 'AVGO', 'TSLA', 'LLY', 'JPM', 'V', 'WMT', 'MA', 'NFLX', 'ORCL', 'XOM', 'COST', 'HD', 'PG', 'BAC', 'ABBV', 'KO', 'PM', 'UNH', 'CRM', 'CSCO', 'WFC', 'CVX', 'ABT', 'MCD', 'LIN', 'AMD', 'MRK', 'TMO', 'DIS', 'PEP', 'ACN', 'TXN', 'VZ', 'AMGN', 'ADBE', 'NEE', 'DHR', 'PFE', 'HON', 'NKE', 'UPS', 'BMY']",48,2022-01-03,24,2020-01-03,2021-12-31,2022-01-03,2023-01-03,252,2000,42,"['equal_weight', 'naive_risk_parity', 'markowitz', 'hrp_recursive', 'hca_deprado_ew_nrp']",6,hrp_recursive,-0.1899333393478354,-0.1899333393478354,0.22368773457260288,-0.8491003751758605,-0.3088428525264725,1.3765650691878897,1.357301039035271,0.2104283056898729,0.0195,0.06734415623312348,0.18241830654449182
sp100_style_top100_20220103_24m,processed,sp100_style_top100,S&P 100-style Top 100,"['NVDA', 'MSFT', 'AAPL', 'AMZN', 'GOOG', 'META', 'AVGO', 'TSLA', 'BRK-B', 'LLY', 'JPM', 'V', 'WMT', 'MA', 'NFLX', 'ORCL', 'XOM', 'COST', 'JNJ', 'HD', 'PG', 'BAC', 'ABBV', 'KO', 'PM', 'PLTR', 'UNH', 'CRM', 'CSCO', 'IBM', 'WFC', 'CVX', 'ABT', 'MCD', 'GE', 'LIN', 'AMD', 'MRK', 'TMO', 'DIS', 'PEP', 'ACN', 'INTU', 'ISRG', 'QCOM', 'TXN', 'VZ', 'AMGN', 'NOW', 'ADBE', 'CAT', 'GS', 'UBER', 'RTX', 'BKNG', 'SPGI', 'PGR', 'T', 'NEE', 'BSX', 'DHR', 'PFE', 'AXP', 'LOW', 'UNP', 'TJX', 'HON', 'SYK', 'SCHW', 'ETN', 'BLK', 'C', 'GILD', 'DE', 'AMAT', 'BA', 'PANW', 'ADP', 'MDT', 'VRTX', 'COP', 'CB', 'LRCX', 'ADI', 'MMC', 'MU', 'SBUX', 'KLAC', 'ANET', 'PLD', 'MDLZ', 'LMT', 'NKE', 'UPS', 'SO', 'MO', 'ICE', 'BMY', 'ELV', 'WM', 'DUK']","['NVDA', 'MSFT', 'AAPL', 'AMZN', 'GOOG', 'META', 'AVGO', 'TSLA', 'LLY', 'JPM', 'V', 'WMT', 'MA', 'NFLX', 'ORCL', 'XOM', 'COST', 'HD', 'PG', 'BAC', 'ABBV', 'KO', 'PM', 'UNH', 'CRM', 'CSCO', 'WFC', 'CVX', 'ABT', 'MCD', 'LIN', 'AMD', 'MRK', 'TMO', 'DIS', 'PEP', 'ACN', 'TXN', 'VZ', 'AMGN', 'ADBE', 'NEE', 'DHR', 'PFE', 'HON', 'NKE', 'UPS', 'BMY']",48,2022-01-03,24,2020-01-03,2021-12-31,2022-01-03,2023-01-03,252,2000,42,"['equal_weight', 'naive_risk_parity', 'markowitz', 'hrp_recursive', 'hca_deprado_ew_nrp']",6,hca_deprado_ew_nrp,-0.11624543191677883,-0.11624543191677883,0.1806018088388443,-0.6436559670368953,-0.22793258496690305,1.3196283736654528,1.3038759127321984,0.19655631148061609,0.0345,0.038351211306561064,0.1055814163013122
sp100_style_top100_20220103_36m,processed,sp100_style_top100,S&P 100-style Top 100,"['NVDA', 'MSFT', 'AAPL', 'AMZN', 'GOOG', 'META', 'AVGO', 'TSLA', 'BRK-B', 'LLY', 'JPM', 'V', 'WMT', 'MA', 'NFLX', 'ORCL', 'XOM', 'COST', 'JNJ', 'HD', 'PG', 'BAC', 'ABBV', 'KO', 'PM', 'PLTR', 'UNH', 'CRM', 'CSCO', 'IBM', 'WFC', 'CVX', 'ABT', 'MCD', 'GE', 'LIN', 'AMD', 'MRK', 'TMO', 'DIS', 'PEP', 'ACN', 'INTU', 'ISRG', 'QCOM', 'TXN', 'VZ', 'AMGN', 'NOW', 'ADBE', 'CAT', 'GS', 'UBER', 'RTX', 'BKNG', 'SPGI', 'PGR', 'T', 'NEE', 'BSX', 'DHR', 'PFE', 'AXP', 'LOW', 'UNP', 'TJX', 'HON', 'SYK', 'SCHW', 'ETN', 'BLK', 'C', 'GILD', 'DE', 'AMAT', 'BA', 'PANW', 'ADP', 'MDT', 'VRTX', 'COP', 'CB', 'LRCX', 'ADI', 'MMC', 'MU', 'SBUX', 'KLAC', 'ANET', 'PLD', 'MDLZ', 'LMT', 'NKE', 'UPS', 'SO', 'MO', 'ICE', 'BMY', 'ELV', 'WM', 'DUK']","['NVDA', 'MSFT', 'AAPL', 'AMZN', 'GOOG', 'META', 'AVGO', 'TSLA', 'LLY', 'JPM', 'V', 'WMT', 'MA', 'NFLX', 'ORCL', 'XOM', 'COST', 'HD', 'PG', 'BAC', 'ABBV', 'KO', 'PM', 'UNH', 'CRM', 'CSCO', 'WFC', 'CVX', 'ABT', 'MCD', 'LIN', 'AMD', 'MRK', 'TMO', 'DIS', 'PEP', 'ACN', 'TXN', 'VZ', 'AMGN', 'ADBE', 'NEE', 'DHR', 'PFE', 'HON', 'NKE', 'UPS', 'BMY']",48,2022-01-03,36,2019-01-03,2021-12-31,2022-01-03,2023-01-03,252,2000,42,"['equal_weight', 'naive_risk_parity', 'markowitz', 'hrp_recursive', 'hca_deprado_ew_nrp']",6,equal_weight,-0.13493556541666185,-0.13493556541666185,0.18842549205455397,-0.7161216030026053,-0.22559136333536078,1.3492054326173792,1.3375554021479086,0.21451809248443393,0.0325,0.020833333333333336,0.020833333333333332
sp100_style_top100_20220103_36m,processed,sp100_style_top100,S&P 100-style Top 100,"['NVDA', 'MSFT', 'AAPL', 'AMZN', 'GOOG', 'META', 'AVGO', 'TSLA', 'BRK-B', 'LLY', 'JPM', 'V', 'WMT', 'MA', 'NFLX', 'ORCL', 'XOM', 'COST', 'JNJ', 'HD', 'PG', 'BAC', 'ABBV', 'KO', 'PM', 'PLTR', 'UNH', 'CRM', 'CSCO', 'IBM', 'WFC', 'CVX', 'ABT', 'MCD', 'GE', 'LIN', 'AMD', 'MRK', 'TMO', 'DIS', 'PEP', 'ACN', 'INTU', 'ISRG', 'QCOM', 'TXN', 'VZ', 'AMGN', 'NOW', 'ADBE', 'CAT', 'GS', 'UBER', 'RTX', 'BKNG', 'SPGI', 'PGR', 'T', 'NEE', 'BSX', 'DHR', 'PFE', 'AXP', 'LOW', 'UNP', 'TJX', 'HON', 'SYK', 'SCHW', 'ETN', 'BLK', 'C', 'GILD', 'DE', 'AMAT', 'BA', 'PANW', 'ADP', 'MDT', 'VRTX', 'COP', 'CB', 'LRCX', 'ADI', 'MMC', 'MU', 'SBUX', 'KLAC', 'ANET', 'PLD', 'MDLZ', 'LMT', 'NKE', 'UPS', 'SO', 'MO', 'ICE', 'BMY', 'ELV', 'WM', 'DUK']","['NVDA', 'MSFT', 'AAPL', 'AMZN', 'GOOG', 'META', 'AVGO', 'TSLA', 'LLY', 'JPM', 'V', 'WMT', 'MA', 'NFLX', 'ORCL', 'XOM', 'COST', 'HD', 'PG', 'BAC', 'ABBV', 'KO', 'PM', 'UNH', 'CRM', 'CSCO', 'WFC', 'CVX', 'ABT', 'MCD', 'LIN', 'AMD', 'MRK', 'TMO', 'DIS', 'PEP', 'ACN', 'TXN', 'VZ', 'AMGN', 'ADBE', 'NEE', 'DHR', 'PFE', 'HON', 'NKE', 'UPS', 'BMY']",48,2022-01-03,36,2019-01-03,2021-12-31,2022-01-03,2023-01-03,252,2000,42,"['equal_weight', 'naive_risk_parity', 'markowitz', 'hrp_recursive', 'hca_deprado_ew_nrp']",6,naive_risk_parity,-0.1087765478051872,-0.1087765478051872,0.17602542711606442,-0.6179592891057956,-0.20408955419212838,1.3172574276920164,1.305483883086936,0.19434860307546978,0.0375,0.021983683812800706,0.03374055261151142
sp100_style_top100_20220103_36m,processed,sp100_style_top100,S&P 100-style Top 100,"['NVDA', 'MSFT', 'AAPL', 'AMZN', 'GOOG', 'META', 'AVGO', 'TSLA', 'BRK-B', 'LLY', 'JPM', 'V', 'WMT', 'MA', 'NFLX', 'ORCL', 'XOM', 'COST', 'JNJ', 'HD', 'PG', 'BAC', 'ABBV', 'KO', 'PM', 'PLTR', 'UNH', 'CRM', 'CSCO', 'IBM', 'WFC', 'CVX', 'ABT', 'MCD', 'GE', 'LIN', 'AMD', 'MRK', 'TMO', 'DIS', 'PEP', 'ACN', 'INTU', 'ISRG', 'QCOM', 'TXN', 'VZ', 'AMGN', 'NOW', 'ADBE', 'CAT', 'GS', 'UBER', 'RTX', 'BKNG', 'SPGI', 'PGR', 'T', 'NEE', 'BSX', 'DHR', 'PFE', 'AXP', 'LOW', 'UNP', 'TJX', 'HON', 'SYK', 'SCHW', 'ETN', 'BLK', 'C', 'GILD', 'DE', 'AMAT', 'BA', 'PANW', 'ADP', 'MDT', 'VRTX', 'COP', 'CB', 'LRCX', 'ADI', 'MMC', 'MU', 'SBUX', 'KLAC', 'ANET', 'PLD', 'MDLZ', 'LMT', 'NKE', 'UPS', 'SO', 'MO', 'ICE', 'BMY', 'ELV', 'WM', 'DUK']","['NVDA', 'MSFT', 'AAPL', 'AMZN', 'GOOG', 'META', 'AVGO', 'TSLA', 'LLY', 'JPM', 'V', 'WMT', 'MA', 'NFLX', 'ORCL', 'XOM', 'COST', 'HD', 'PG', 'BAC', 'ABBV', 'KO', 'PM', 'UNH', 'CRM', 'CSCO', 'WFC', 'CVX', 'ABT', 'MCD', 'LIN', 'AMD', 'MRK', 'TMO', 'DIS', 'PEP', 'ACN', 'TXN', 'VZ', 'AMGN', 'ADBE', 'NEE', 'DHR', 'PFE', 'HON', 'NKE', 'UPS', 'BMY']",48,2022-01-03,36,2019-01-03,2021-12-31,2022-01-03,2023-01-03,252,2000,42,"['equal_weight', 'naive_risk_parity', 'markowitz', 'hrp_recursive', 'hca_deprado_ew_nrp']",6,markowitz,-0.23717148988382686,-0.23717148988382686,0.23827137765253215,-0.9953838863083705,-0.2502982538250368,1.642372126996109,1.6276319800052637,0.2713626843319896,0.002,0.17834037957593796,0.33094805642356
sp100_style_top100_20220103_36m,processed,sp100_style_top100,S&P 100-style Top 100,"['NVDA', 'MSFT', 'AAPL', 'AMZN', 'GOOG', 'META', 'AVGO', 'TSLA', 'BRK-B', 'LLY', 'JPM', 'V', 'WMT', 'MA', 'NFLX', 'ORCL', 'XOM', 'COST', 'JNJ', 'HD', 'PG', 'BAC', 'ABBV', 'KO', 'PM', 'PLTR', 'UNH', 'CRM', 'CSCO', 'IBM', 'WFC', 'CVX', 'ABT', 'MCD', 'GE', 'LIN', 'AMD', 'MRK', 'TMO', 'DIS', 'PEP', 'ACN', 'INTU', 'ISRG', 'QCOM', 'TXN', 'VZ', 'AMGN', 'NOW', 'ADBE', 'CAT', 'GS', 'UBER', 'RTX', 'BKNG', 'SPGI', 'PGR', 'T', 'NEE', 'BSX', 'DHR', 'PFE', 'AXP', 'LOW', 'UNP', 'TJX', 'HON', 'SYK', 'SCHW', 'ETN', 'BLK', 'C', 'GILD', 'DE', 'AMAT', 'BA', 'PANW', 'ADP', 'MDT', 'VRTX', 'COP', 'CB', 'LRCX', 'ADI', 'MMC', 'MU', 'SBUX', 'KLAC', 'ANET', 'PLD', 'MDLZ', 'LMT', 'NKE', 'UPS', 'SO', 'MO', 'ICE', 'BMY', 'ELV', 'WM', 'DUK']","['NVDA', 'MSFT', 'AAPL', 'AMZN', 'GOOG', 'META', 'AVGO', 'TSLA', 'LLY', 'JPM', 'V', 'WMT', 'MA', 'NFLX', 'ORCL', 'XOM', 'COST', 'HD', 'PG', 'BAC', 'ABBV', 'KO', 'PM', 'UNH', 'CRM', 'CSCO', 'WFC', 'CVX', 'ABT', 'MCD', 'LIN', 'AMD', 'MRK', 'TMO', 'DIS', 'PEP', 'ACN', 'TXN', 'VZ', 'AMGN', 'ADBE', 'NEE', 'DHR', 'PFE', 'HON', 'NKE', 'UPS', 'BMY']",48,2022-01-03,36,2019-01-03,2021-12-31,2022-01-03,2023-01-03,252,2000,42,"['equal_weight', 'naive_risk_parity', 'markowitz', 'hrp_recursive', 'hca_deprado_ew_nrp']",6,hrp_recursive,-0.1715726506554539,-0.1715726506554539,0.1977665283342593,-0.8675515118790311,-0.26543458678152576,1.338573919668179,1.3308652551806142,0.18975327143392723,0.0265,0.04272748494228584,0.10054075534229463
sp100_style_top100_20220103_36m,processed,sp100_style_top100,S&P 100-style Top 100,"['NVDA', 'MSFT', 'AAPL', 'AMZN', 'GOOG', 'META', 'AVGO', 'TSLA', 'BRK-B', 'LLY', 'JPM', 'V', 'WMT', 'MA', 'NFLX', 'ORCL', 'XOM', 'COST', 'JNJ', 'HD', 'PG', 'BAC', 'ABBV', 'KO', 'PM', 'PLTR', 'UNH', 'CRM', 'CSCO', 'IBM', 'WFC', 'CVX', 'ABT', 'MCD', 'GE', 'LIN', 'AMD', 'MRK', 'TMO', 'DIS', 'PEP', 'ACN', 'INTU', 'ISRG', 'QCOM', 'TXN', 'VZ', 'AMGN', 'NOW', 'ADBE', 'CAT', 'GS', 'UBER', 'RTX', 'BKNG', 'SPGI', 'PGR', 'T', 'NEE', 'BSX', 'DHR', 'PFE', 'AXP', 'LOW', 'UNP', 'TJX', 'HON', 'SYK', 'SCHW', 'ETN', 'BLK', 'C', 'GILD', 'DE', 'AMAT', 'BA', 'PANW', 'ADP', 'MDT', 'VRTX', 'COP', 'CB', 'LRCX', 'ADI', 'MMC', 'MU', 'SBUX', 'KLAC', 'ANET', 'PLD', 'MDLZ', 'LMT', 'NKE', 'UPS', 'SO', 'MO', 'ICE', 'BMY', 'ELV', 'WM', 'DUK']","['NVDA', 'MSFT', 'AAPL', 'AMZN', 'GOOG', 'META', 'AVGO', 'TSLA', 'LLY', 'JPM', 'V', 'WMT', 'MA', 'NFLX', 'ORCL', 'XOM', 'COST', 'HD', 'PG', 'BAC', 'ABBV', 'KO', 'PM', 'UNH', 'CRM', 'CSCO', 'WFC', 'CVX', 'ABT', 'MCD', 'LIN', 'AMD', 'MRK', 'TMO', 'DIS', 'PEP', 'ACN', 'TXN', 'VZ', 'AMGN', 'ADBE', 'NEE', 'DHR', 'PFE', 'HON', 'NKE', 'UPS', 'BMY']",48,2022-01-03,36,2019-01-03,2021-12-31,2022-01-03,2023-01-03,252,2000,42,"['equal_weight', 'naive_risk_parity', 'markowitz', 'hrp_recursive', 'hca_deprado_ew_nrp']",6,hca_deprado_ew_nrp,-0.11886913128986076,-0.11886913128986076,0.19166674051316876,-0.6201865329978504,-0.23534832677958373,1.3589003396384298,1.347186428528436,0.19260600858225155,0.0175,0.04454969907883509,0.11460511472884813
